merchant_id,category,application_date,category_review_days,handoff_wait_days,doc_verification_days,doc_rework_days,compliance_approval_days,catalog_setup_days,doc_rejections,total_ttm_days,sla_breach,status
M100000,Fashion,2025-11-13,0.3,0.9,0.7,0.0,2.1,2.6,0,6.6,0,Live
M100001,Electronics,2025-04-15,0.9,2.6,0.9,0.0,1.1,0.7,0,6.2,0,Live
M100002,Beauty,2025-03-19,2.9,1.3,1.4,0.0,0.9,2.1,0,8.7,0,Live
M100003,Fashion,2025-01-06,1.3,0.8,0.6,0.0,1.4,4.6,0,8.7,0,Live
M100004,Home & Kitchen,2025-04-18,2.0,0.8,0.9,0.0,2.1,3.0,0,8.8,0,Live
M100005,Beauty,2025-09-15,2.8,0.3,1.2,0.0,0.9,2.7,0,7.9,0,Live
M100006,Fashion,2025-05-01,1.7,1.0,2.0,0.0,2.6,1.6,0,8.8,0,Live
M100007,Fashion,2025-02-26,0.9,0.6,0.6,0.0,1.4,2.4,0,5.9,0,Live
M100008,Fashion,2025-07-17,1.1,1.0,0.5,0.0,0.9,2.5,0,6.0,0,Live
M100009,Home & Kitchen,2025-09-06,0.7,4.2,0.2,0.0,0.7,2.5,0,8.3,0,Live
M100010,Home & Kitchen,2025-02-04,2.7,1.7,1.2,0.0,5.5,4.7,0,15.8,1,Live
M100011,Fashion,2025-01-18,1.5,1.1,1.4,0.0,0.4,3.3,0,7.6,0,Live
M100012,Electronics,2025-09-29,1.2,0.3,2.3,0.0,0.7,2.6,0,7.1,0,Live
M100013,Home & Kitchen,2025-02-01,0.6,0.8,1.7,5.1,1.2,3.6,3,13.1,0,Live
M100014,Electronics,2025-10-15,0.6,3.3,1.4,0.0,0.7,2.3,0,8.4,0,Live
M100015,Home & Kitchen,2025-02-08,1.9,1.9,1.2,0.0,1.0,2.3,0,8.3,0,Live
M100016,Toys,2025-01-13,0.7,0.7,0.3,0.0,0.7,0.5,0,2.8,0,Live
M100017,Beauty,2025-02-17,0.8,4.5,1.7,0.0,0.4,2.6,0,9.9,0,Live
M100018,Electronics,2025-03-04,1.0,1.9,0.6,0.0,2.0,1.9,0,7.4,0,Live
M100019,Fashion,2025-09-25,1.6,2.7,0.5,0.0,0.7,1.5,0,7.0,0,Live
M100020,Electronics,2025-02-10,1.9,2.1,4.3,0.0,1.8,2.1,0,12.2,0,Live
M100021,Home & Kitchen,2025-01-09,0.6,1.2,1.5,0.0,1.2,4.8,0,9.3,0,Live
M100022,Grocery,2025-02-06,0.7,1.2,0.8,0.0,1.2,2.9,0,6.7,0,Live
M100023,Beauty,2025-04-11,1.6,1.1,1.1,0.0,2.6,3.7,0,10.1,0,Live
M100024,Electronics,2025-08-17,0.7,6.2,0.9,0.0,1.9,2.6,0,12.4,0,Live
M100025,Toys,2025-07-01,0.4,1.3,1.5,0.0,2.5,0.5,0,6.3,0,Live
M100026,Electronics,2025-11-10,0.5,1.1,2.2,2.1,1.2,1.1,3,8.2,0,Live
M100027,Beauty,2025-06-26,0.9,0.3,1.2,0.0,2.3,1.8,0,6.5,0,Live
M100028,Fashion,2025-06-24,0.6,0.9,0.1,0.0,0.7,0.8,0,3.1,0,Live
M100029,Fashion,2025-08-12,0.4,1.2,2.3,0.0,0.4,1.4,0,5.6,0,Live
M100030,Fashion,2025-01-10,0.9,3.4,0.5,0.0,0.3,1.7,0,6.8,0,Live
M100031,Grocery,2025-06-27,1.4,0.4,1.3,0.0,0.5,2.8,0,6.3,0,Live
M100032,Home & Kitchen,2025-09-03,0.8,1.2,0.5,0.0,0.7,2.5,0,5.8,0,Live
M100033,Grocery,2025-02-14,1.6,1.3,0.5,0.0,1.6,4.0,0,9.1,0,Live
M100034,Home & Kitchen,2025-09-08,0.1,0.8,0.8,0.0,2.7,0.3,0,4.8,0,Live
M100035,Electronics,2025-01-26,0.5,1.2,1.6,0.0,1.4,2.8,0,7.5,0,Live
M100036,Home & Kitchen,2025-09-04,2.2,1.0,0.4,0.0,1.4,1.6,0,6.6,0,Live
M100037,Home & Kitchen,2025-09-14,2.8,1.8,1.2,0.0,3.1,4.1,0,13.0,0,Live
M100038,Grocery,2025-09-19,1.2,1.4,0.7,0.0,1.2,3.7,0,8.3,0,Live
M100039,Electronics,2025-04-05,1.7,1.0,1.1,0.0,2.5,0.8,0,7.1,0,Live
M100040,Grocery,2025-02-18,1.2,1.3,1.9,0.0,3.9,1.7,0,10.0,0,Live
M100041,Home & Kitchen,2025-02-19,1.1,1.0,0.3,3.6,1.2,1.8,3,9.0,0,Live
M100042,Grocery,2025-04-22,0.3,0.6,2.3,0.0,2.2,3.0,0,8.4,0,Live
M100043,Electronics,2025-04-06,1.3,2.5,0.3,0.0,1.2,2.4,0,7.6,0,Live
M100044,Beauty,2025-03-10,1.5,0.3,0.3,0.0,1.3,2.0,0,5.5,0,Live
M100045,Electronics,2025-02-11,0.5,1.6,0.1,0.0,1.6,2.1,0,5.9,0,Live
M100046,Home & Kitchen,2025-09-30,2.4,0.6,1.0,0.0,1.6,3.8,0,9.4,0,Live
M100047,Fashion,2025-09-10,1.5,1.1,1.0,0.0,1.8,3.1,0,8.6,0,Live
M100048,Fashion,2025-06-05,0.4,0.4,1.6,0.0,1.1,2.0,0,5.6,0,Live
M100049,Fashion,2025-03-12,1.9,0.8,0.2,0.0,1.6,2.1,0,6.7,0,Live
M100050,Beauty,2025-02-26,1.4,1.1,3.4,0.0,1.3,3.0,0,10.1,0,Live
M100051,Electronics,2025-07-12,1.0,1.8,0.3,0.0,1.0,2.9,0,7.0,0,Live
M100052,Grocery,2025-06-29,3.0,2.3,1.0,0.0,2.3,3.0,0,11.6,0,Live
M100053,Grocery,2025-05-17,0.8,0.3,2.4,2.7,1.5,0.7,3,8.3,0,Live
M100054,Electronics,2025-03-28,1.4,1.4,1.3,0.0,1.6,1.6,0,7.3,0,Live
M100055,Toys,2025-07-10,1.5,1.8,1.0,0.0,2.2,3.9,0,10.5,0,Live
M100056,Home & Kitchen,2025-02-07,1.0,2.1,1.6,0.0,0.6,3.2,0,8.5,0,Live
M100057,Beauty,2025-11-03,0.5,4.4,1.3,0.0,0.9,3.4,0,10.6,0,Live
M100058,Electronics,2025-04-07,0.6,1.8,1.4,0.0,2.0,0.9,0,6.7,0,Live
M100059,Fashion,2025-06-10,1.2,1.4,2.6,0.0,1.3,3.3,0,9.9,0,Live
M100060,Fashion,2025-10-06,2.4,2.2,1.7,0.0,1.1,2.3,0,9.8,0,Live
M100061,Fashion,2025-02-14,1.0,0.1,1.2,0.0,1.7,3.0,0,7.0,0,Live
M100062,Home & Kitchen,2025-02-23,1.4,1.0,2.2,0.0,1.3,2.1,0,8.0,0,Live
M100063,Fashion,2025-08-16,0.7,2.6,1.0,0.0,1.4,2.6,0,8.3,0,Live
M100064,Fashion,2025-08-14,0.7,1.6,0.3,0.0,0.9,2.6,0,6.0,0,Live
M100065,Grocery,2025-04-12,1.6,0.8,1.2,0.0,2.6,0.8,0,6.9,0,Live
M100066,Fashion,2025-07-19,0.5,2.7,1.2,0.0,1.6,2.0,0,7.9,0,Live
M100067,Electronics,2025-03-28,0.6,3.0,0.8,0.0,1.6,1.7,0,7.7,0,Live
M100068,Electronics,2025-06-23,1.2,2.5,0.9,0.0,1.1,3.3,0,9.0,0,Live
M100069,Home & Kitchen,2025-09-28,2.8,2.0,1.0,0.0,0.7,0.8,0,7.3,0,Live
M100070,Home & Kitchen,2025-05-08,0.7,2.1,1.7,0.0,0.7,1.2,0,6.4,0,Live
M100071,Toys,2025-03-18,2.1,1.2,0.3,0.0,1.5,1.8,0,7.0,0,Live
M100072,Beauty,2025-07-22,0.8,1.7,1.3,0.0,1.4,2.3,0,7.5,0,Live
M100073,Home & Kitchen,2025-04-08,1.0,0.5,1.2,0.0,2.2,3.2,0,8.1,0,Live
M100074,Home & Kitchen,2025-11-22,2.1,0.5,0.4,0.0,1.8,0.8,0,5.6,0,Live
M100075,Home & Kitchen,2025-05-24,2.2,0.4,1.0,0.0,0.4,3.7,0,7.7,0,Live
M100076,Toys,2025-01-19,1.8,1.4,0.9,0.0,2.0,1.1,0,7.2,0,Live
M100077,Fashion,2025-09-13,0.7,4.3,1.6,0.0,3.8,1.6,0,11.9,0,Live
M100078,Beauty,2025-02-02,0.3,0.7,2.6,0.0,0.7,2.9,0,7.3,0,Live
M100079,Home & Kitchen,2025-09-13,0.7,1.1,1.9,0.0,0.7,2.0,0,6.4,0,Live
M100080,Fashion,2025-08-27,0.8,1.2,0.9,0.0,2.0,1.4,0,6.4,0,Live
M100081,Electronics,2025-05-10,1.4,4.9,0.6,0.0,0.9,5.2,0,13.0,0,Live
M100082,Toys,2025-03-06,1.6,2.1,1.9,0.0,1.0,4.9,0,11.5,0,Live
M100083,Beauty,2025-01-03,1.7,2.1,1.3,0.0,1.6,4.0,0,10.8,0,Live
M100084,Fashion,2025-07-25,0.8,0.5,0.5,0.0,0.9,3.8,0,6.5,0,Live
M100085,Electronics,2025-01-02,1.5,0.9,1.0,0.0,1.2,1.2,0,5.8,0,Live
M100086,Fashion,2025-02-11,0.8,0.5,0.2,0.0,1.9,2.7,0,6.1,0,Live
M100087,Grocery,2025-02-07,0.5,1.2,2.3,0.0,2.2,4.5,0,10.7,0,Live
M100088,Fashion,2025-06-09,1.8,1.0,0.5,0.0,2.5,0.8,0,6.6,0,Live
M100089,Fashion,2025-11-25,0.1,1.8,1.1,0.0,2.9,2.7,0,8.6,0,Live
M100090,Toys,2025-04-10,0.8,0.8,1.8,0.0,0.7,6.0,0,10.1,0,Live
M100091,Electronics,2025-05-26,1.4,3.5,0.3,0.0,1.5,3.4,0,10.2,0,Live
M100092,Electronics,2025-07-10,0.8,2.8,0.8,0.0,3.0,1.1,0,8.5,0,Live
M100093,Fashion,2025-06-14,1.1,2.3,1.9,0.0,1.7,4.4,0,11.3,0,Live
M100094,Electronics,2025-11-02,1.2,1.7,1.1,0.0,1.5,1.4,0,6.9,0,Live
M100095,Electronics,2025-08-19,0.7,0.4,2.6,0.0,0.4,4.1,0,8.2,0,Live
M100096,Home & Kitchen,2025-06-07,0.7,2.3,1.8,0.0,0.9,1.9,0,7.6,0,Live
M100097,Fashion,2025-06-12,1.5,2.6,1.0,0.0,1.2,1.6,0,7.9,0,Live
M100098,Fashion,2025-07-31,1.6,2.3,0.4,0.0,0.9,3.3,0,8.5,0,Live
M100099,Fashion,2025-02-23,1.4,0.9,0.7,0.0,1.2,3.3,0,7.4,0,Live
M100100,Electronics,2025-07-12,1.5,1.2,1.0,0.0,0.6,2.0,0,6.2,0,Live
M100101,Electronics,2025-08-23,3.1,0.6,2.8,0.0,0.5,2.8,0,9.8,0,Live
M100102,Home & Kitchen,2025-01-13,0.6,1.5,0.7,0.0,2.6,2.0,0,7.5,0,Live
M100103,Electronics,2025-03-01,1.7,1.5,1.0,0.0,3.2,2.9,0,10.3,0,Live
M100104,Grocery,2025-10-18,0.6,2.4,1.8,0.0,1.3,1.4,0,7.5,0,Live
M100105,Toys,2025-04-23,1.5,1.0,0.3,0.0,0.6,1.0,0,4.4,0,Live
M100106,Fashion,2025-03-01,2.0,2.0,1.1,0.0,2.2,1.9,0,9.1,0,Live
M100107,Fashion,2025-01-08,1.1,1.1,1.1,0.0,2.0,0.8,0,6.1,0,Live
M100108,Home & Kitchen,2025-05-26,0.5,1.2,0.9,0.0,1.3,3.2,0,7.1,0,Live
M100109,Beauty,2025-07-30,0.7,2.8,2.0,0.0,1.5,5.0,0,12.0,0,Live
M100110,Fashion,2025-05-26,0.7,1.9,1.5,0.0,2.7,0.7,0,7.6,0,Live
M100111,Fashion,2025-09-23,1.1,0.4,0.8,0.0,0.4,1.1,0,3.8,0,Live
M100112,Electronics,2025-01-20,1.8,2.0,1.8,0.0,1.8,1.9,0,9.3,0,Live
M100113,Home & Kitchen,2025-04-21,1.8,2.5,1.1,0.0,2.0,1.1,0,8.5,0,Live
M100114,Grocery,2025-07-30,1.3,1.5,0.7,0.0,2.3,2.9,0,8.7,0,Live
M100115,Grocery,2025-01-18,0.9,2.4,1.2,0.0,1.3,1.4,0,7.3,0,Live
M100116,Beauty,2025-11-17,0.8,3.6,0.8,0.0,0.5,1.3,0,7.2,0,Live
M100117,Fashion,2025-04-26,1.6,1.4,1.3,0.0,1.6,2.7,0,8.6,0,Live
M100118,Toys,2025-03-23,1.1,2.1,1.1,0.0,1.8,1.8,0,7.9,0,Live
M100119,Home & Kitchen,2025-02-24,1.0,1.5,1.0,0.0,1.9,3.3,0,8.6,0,Live
M100120,Fashion,2025-03-20,0.6,2.0,1.2,0.0,1.7,4.4,0,9.8,0,Live
M100121,Fashion,2025-03-12,1.6,2.3,1.4,0.0,1.9,2.9,0,10.1,0,Live
M100122,Home & Kitchen,2025-01-07,1.3,1.1,0.6,0.0,1.2,3.7,0,7.9,0,Live
M100123,Electronics,2025-08-07,0.2,2.8,0.5,0.0,0.8,3.2,0,7.4,0,Live
M100124,Electronics,2025-03-25,2.0,0.8,2.5,0.0,0.6,3.7,0,9.7,0,Live
M100125,Beauty,2025-07-25,2.0,1.2,0.7,3.4,1.3,2.7,2,11.3,0,Live
M100126,Grocery,2025-08-28,1.0,2.0,1.6,0.0,1.8,3.8,0,10.3,0,Live
M100127,Home & Kitchen,2025-07-20,0.9,1.5,1.5,0.0,2.0,1.5,0,7.4,0,Live
M100128,Beauty,2025-01-18,1.4,1.6,0.3,0.0,0.4,1.5,0,5.2,0,Live
M100129,Electronics,2025-05-20,1.7,2.5,0.4,0.0,1.4,4.0,0,10.0,0,Live
M100130,Toys,2025-04-19,0.8,1.0,0.6,0.0,4.2,1.0,0,7.5,0,Live
M100131,Home & Kitchen,2025-07-17,1.3,1.3,1.5,0.0,0.8,2.6,0,7.5,0,Live
M100132,Toys,2025-03-06,0.4,1.4,0.9,0.0,0.9,3.3,0,7.0,0,Live
M100133,Fashion,2025-06-02,1.6,1.0,1.8,0.0,2.0,2.6,0,8.9,0,Live
M100134,Grocery,2025-03-23,1.3,3.1,0.8,0.0,2.6,3.8,0,11.7,0,Live
M100135,Home & Kitchen,2025-05-06,0.9,0.6,1.2,0.0,1.6,1.6,0,5.8,0,Live
M100136,Beauty,2025-01-10,1.1,1.6,1.1,0.0,0.7,1.4,0,5.8,0,Live
M100137,Fashion,2025-01-28,0.8,2.6,0.4,0.0,1.4,1.8,0,7.1,0,Live
M100138,Home & Kitchen,2025-04-19,0.9,0.7,0.8,0.0,0.5,5.5,0,8.3,0,Live
M100139,Electronics,2025-10-15,1.2,5.5,1.3,0.0,2.8,2.1,0,12.9,0,Live
M100140,Fashion,2025-09-19,0.9,0.4,1.7,0.0,0.8,2.5,0,6.3,0,Live
M100141,Fashion,2025-05-04,0.4,1.9,1.1,0.0,3.3,1.1,0,7.8,0,Live
M100142,Grocery,2025-07-19,0.7,1.0,0.3,0.0,1.7,1.1,0,4.7,0,Live
M100143,Home & Kitchen,2025-10-05,0.4,0.9,0.3,0.0,2.6,1.2,0,5.4,0,Live
M100144,Fashion,2025-01-04,1.2,1.5,0.6,0.0,2.0,1.0,0,6.3,0,Live
M100145,Fashion,2025-10-20,0.4,1.5,1.4,0.0,2.0,1.6,0,6.8,0,Live
M100146,Electronics,2025-05-09,2.5,1.6,1.0,0.0,1.0,1.8,0,7.9,0,Live
M100147,Beauty,2025-05-13,0.7,3.8,3.0,0.0,0.9,4.9,0,13.3,0,Live
M100148,Fashion,2025-11-11,0.7,2.1,1.0,0.0,1.3,0.6,0,5.8,0,Live
M100149,Toys,2025-08-05,1.5,2.9,1.8,0.0,0.9,0.7,0,7.7,0,Live
M100150,Toys,2025-05-27,2.4,0.6,0.9,0.0,0.9,3.2,0,8.0,0,Live
M100151,Fashion,2025-06-22,1.3,0.4,0.8,0.0,2.2,2.1,0,6.8,0,Live
M100152,Home & Kitchen,2025-11-15,1.4,2.4,3.4,0.0,1.4,0.8,0,9.4,0,Live
M100153,Electronics,2025-09-23,0.8,0.9,0.8,0.0,1.2,1.4,0,5.0,0,Live
M100154,Beauty,2025-07-21,1.7,0.6,0.9,0.0,0.9,2.6,0,6.7,0,Live
M100155,Fashion,2025-11-22,1.0,1.9,0.8,0.0,1.4,3.1,0,8.3,0,Live
M100156,Electronics,2025-08-01,0.8,2.0,1.5,0.0,0.5,9.0,0,13.8,0,Live
M100157,Home & Kitchen,2025-01-01,0.5,2.4,0.8,0.0,0.8,3.1,0,7.7,0,Live
M100158,Home & Kitchen,2025-08-13,0.9,0.9,0.4,0.0,1.9,3.9,0,8.0,0,Live
M100159,Beauty,2025-10-14,1.2,1.8,1.7,0.0,2.4,2.4,0,9.5,0,Live
M100160,Grocery,2025-09-15,0.3,1.6,1.1,0.0,0.6,2.4,0,6.1,0,Live
M100161,Fashion,2025-03-19,0.7,0.6,0.4,0.0,4.1,1.6,0,7.4,0,Live
M100162,Fashion,2025-10-21,0.5,0.9,1.6,0.0,0.8,1.9,0,5.6,0,Live
M100163,Electronics,2025-03-11,3.1,2.7,1.0,0.0,1.7,1.9,0,10.5,0,Live
M100164,Home & Kitchen,2025-09-04,1.4,2.5,1.0,0.0,2.7,3.6,0,11.2,0,Live
M100165,Toys,2025-08-21,0.9,2.8,0.5,0.0,1.6,2.8,0,8.5,0,Live
M100166,Beauty,2025-03-19,1.9,1.2,1.1,0.0,3.3,3.8,0,11.5,0,Live
M100167,Beauty,2025-03-20,0.4,0.9,2.0,0.0,1.3,1.8,0,6.6,0,Live
M100168,Toys,2025-03-06,0.8,1.2,2.5,0.0,0.5,5.3,0,10.3,0,Live
M100169,Fashion,2025-06-13,0.5,0.9,1.2,4.1,0.4,3.1,2,10.3,0,Live
M100170,Fashion,2025-06-16,1.1,0.6,3.2,0.0,0.5,3.4,0,8.8,0,Live
M100171,Electronics,2025-02-13,1.4,3.0,1.7,0.0,3.7,1.3,0,11.1,0,Live
M100172,Electronics,2025-08-02,0.6,4.4,0.9,0.0,1.2,2.0,0,9.0,0,Live
M100173,Home & Kitchen,2025-01-05,0.2,2.5,1.5,0.0,1.3,1.1,0,6.7,0,Live
M100174,Toys,2025-01-05,0.4,0.9,1.1,0.0,0.8,1.2,0,4.4,0,Live
M100175,Fashion,2025-06-08,0.4,1.2,1.2,0.0,1.4,1.2,0,5.3,0,Live
M100176,Home & Kitchen,2025-10-18,2.3,2.9,0.4,0.0,0.9,3.3,0,9.9,0,Live
M100177,Home & Kitchen,2025-02-22,1.2,0.1,0.4,0.0,2.6,1.9,0,6.2,0,Live
M100178,Electronics,2025-10-21,1.8,2.1,1.5,0.0,0.3,2.5,0,8.4,0,Live
M100179,Grocery,2025-10-28,1.0,0.7,2.9,0.0,2.0,3.3,0,9.9,0,Live
M100180,Beauty,2025-05-31,3.3,1.9,1.6,0.0,2.6,0.7,0,10.1,0,Live
M100181,Grocery,2025-01-10,0.6,0.1,1.6,0.0,0.8,1.8,0,5.0,0,Live
M100182,Fashion,2025-01-16,2.3,1.1,1.2,1.4,1.5,2.5,2,10.1,0,Live
M100183,Fashion,2025-02-08,1.7,1.0,3.4,0.0,2.0,3.6,0,11.6,0,Live
M100184,Fashion,2025-07-19,0.5,1.0,0.7,0.0,1.1,0.4,0,3.7,0,Live
M100185,Grocery,2025-11-04,1.1,1.1,2.3,0.0,3.4,2.4,0,10.3,0,Live
M100186,Toys,2025-11-03,1.0,2.9,1.5,1.1,1.3,1.5,2,9.1,0,Live
M100187,Fashion,2025-03-25,0.7,1.1,1.8,0.0,1.2,1.7,0,6.5,0,Live
M100188,Beauty,2025-05-11,1.7,1.3,0.7,0.0,1.5,1.7,0,6.9,0,Live
M100189,Beauty,2025-07-23,2.3,0.9,1.9,0.0,2.1,1.3,0,8.6,0,Live
M100190,Grocery,2025-08-07,0.4,1.6,2.3,0.0,0.8,2.1,0,7.3,0,Live
M100191,Fashion,2025-01-12,1.5,1.9,1.5,0.0,0.8,1.9,0,7.6,0,Live
M100192,Beauty,2025-11-05,0.7,1.2,0.7,0.0,1.4,3.5,0,7.6,0,Live
M100193,Fashion,2025-08-17,1.7,2.2,0.8,0.7,2.3,0.8,1,8.3,0,Live
M100194,Fashion,2025-06-06,0.2,1.1,0.7,0.0,0.7,0.7,0,3.4,0,Live
M100195,Beauty,2025-06-19,2.3,1.4,1.0,0.0,1.7,3.1,0,9.6,0,Live
M100196,Fashion,2025-04-30,1.3,0.8,1.2,0.0,1.1,3.8,0,8.1,0,Live
M100197,Beauty,2025-09-27,1.3,1.2,1.9,0.0,1.8,4.4,0,10.7,0,Live
M100198,Electronics,2025-03-26,3.1,1.4,1.7,0.0,0.7,3.6,0,10.5,0,Live
M100199,Electronics,2025-08-19,1.4,1.8,1.4,1.5,0.5,1.5,1,8.2,0,Live
M100200,Grocery,2025-09-22,2.6,3.3,1.1,0.0,1.9,2.1,0,11.0,0,Live
M100201,Fashion,2025-08-08,2.9,1.7,2.0,0.0,2.0,3.4,0,12.1,0,Live
M100202,Electronics,2025-09-23,1.8,0.9,1.2,0.0,0.5,1.0,0,5.5,0,Live
M100203,Electronics,2025-06-08,1.0,0.8,2.8,0.0,2.6,2.7,0,9.9,0,Live
M100204,Fashion,2025-02-18,0.5,1.3,1.4,0.0,3.0,1.9,0,8.1,0,Live
M100205,Electronics,2025-07-08,2.9,2.2,1.0,1.1,1.2,1.6,1,9.9,0,Live
M100206,Fashion,2025-07-30,1.9,1.9,1.5,0.0,2.0,1.0,0,8.3,0,Live
M100207,Beauty,2025-09-12,0.5,0.6,2.1,0.0,0.5,3.2,0,7.1,0,Live
M100208,Home & Kitchen,2025-07-22,0.6,0.9,0.3,0.0,2.2,1.1,0,5.1,0,Live
M100209,Electronics,2025-05-01,0.8,0.3,1.6,0.0,1.9,5.2,0,9.9,0,Live
M100210,Toys,2025-07-04,1.0,1.1,1.5,0.0,0.8,3.4,0,7.9,0,Live
M100211,Electronics,2025-08-09,0.8,3.4,2.2,0.0,2.8,1.5,0,10.6,0,Live
M100212,Home & Kitchen,2025-01-13,0.7,2.2,0.5,0.0,1.7,0.6,0,5.8,0,Live
M100213,Beauty,2025-02-13,1.2,3.7,0.7,0.0,0.5,2.0,0,8.2,0,Live
M100214,Fashion,2025-09-02,0.6,2.0,1.0,0.0,0.4,1.3,0,5.3,0,Live
M100215,Fashion,2025-10-13,1.1,1.7,1.1,0.0,2.1,1.7,0,7.6,0,Live
M100216,Grocery,2025-02-25,1.1,1.2,1.0,3.2,0.6,1.0,2,8.1,0,Live
M100217,Toys,2025-07-21,1.6,1.1,1.4,0.0,0.4,0.7,0,5.1,0,Live
M100218,Fashion,2025-02-16,1.2,1.3,1.8,0.0,1.5,0.3,0,6.1,0,Live
M100219,Fashion,2025-02-19,1.4,1.2,0.6,0.0,0.5,3.4,0,7.1,0,Live
M100220,Electronics,2025-05-23,0.5,1.8,2.1,0.0,2.5,1.3,0,8.4,0,Live
M100221,Home & Kitchen,2025-03-16,0.8,1.5,1.1,0.0,3.9,1.2,0,8.5,0,Live
M100222,Toys,2025-01-23,1.5,2.0,1.9,0.0,1.9,3.1,0,10.4,0,Live
M100223,Toys,2025-04-21,0.9,0.3,1.0,0.0,1.3,3.3,0,6.9,0,Live
M100224,Toys,2025-08-22,0.8,0.3,1.0,0.0,2.0,2.2,0,6.3,0,Live
M100225,Fashion,2025-01-25,1.7,0.4,1.2,0.0,1.3,1.7,0,6.3,0,Live
M100226,Home & Kitchen,2025-04-02,0.9,3.2,1.5,0.0,1.5,1.3,0,8.4,0,Live
M100227,Electronics,2025-06-10,0.7,2.0,0.8,0.0,1.9,0.5,0,6.0,0,Live
M100228,Fashion,2025-10-06,2.0,1.4,0.4,0.0,2.4,1.1,0,7.2,0,Live
M100229,Fashion,2025-06-22,1.7,0.6,0.2,3.6,1.3,1.0,2,8.5,0,Live
M100230,Fashion,2025-02-01,0.8,0.4,1.1,0.0,1.2,2.3,0,5.8,0,Live
M100231,Electronics,2025-07-02,3.0,2.2,2.1,0.0,1.8,4.9,0,14.0,0,Live
M100232,Fashion,2025-08-26,2.6,1.8,1.5,0.0,1.8,2.3,0,10.0,0,Live
M100233,Fashion,2025-05-14,2.1,1.5,1.7,0.0,1.7,1.1,0,8.2,0,Live
M100234,Fashion,2025-08-19,1.4,0.4,2.2,0.0,1.1,1.3,0,6.4,0,Live
M100235,Home & Kitchen,2025-03-06,2.1,0.6,1.1,3.1,0.4,5.7,2,13.0,0,Live
M100236,Electronics,2025-05-30,0.3,3.0,1.9,0.0,1.3,1.2,0,7.7,0,Live
M100237,Fashion,2025-09-02,2.0,2.4,0.9,0.0,2.9,3.8,0,12.0,0,Live
M100238,Home & Kitchen,2025-08-30,0.8,0.7,1.5,0.0,2.0,3.2,0,8.1,0,Live
M100239,Electronics,2025-05-26,1.2,2.1,1.4,0.0,2.0,2.8,0,9.5,0,Live
M100240,Home & Kitchen,2025-10-13,1.5,0.9,1.6,0.0,3.2,4.4,0,11.6,0,Live
M100241,Toys,2025-01-03,0.7,2.3,0.5,0.0,1.2,1.0,0,5.8,0,Live
M100242,Electronics,2025-03-25,0.9,0.8,1.3,0.0,1.9,1.5,0,6.3,0,Live
M100243,Home & Kitchen,2025-09-05,0.8,3.1,0.7,0.0,0.9,3.8,0,9.2,0,Live
M100244,Fashion,2025-05-23,0.3,2.5,1.1,0.0,1.8,3.3,0,9.0,0,Live
M100245,Toys,2025-01-14,1.2,1.0,0.4,1.0,2.4,2.8,1,8.8,0,Live
M100246,Home & Kitchen,2025-07-04,1.3,1.5,0.3,0.0,0.6,1.5,0,5.2,0,Live
M100247,Fashion,2025-07-21,1.1,0.3,1.2,7.3,1.8,1.9,3,13.7,0,Live
M100248,Fashion,2025-09-18,0.7,1.4,2.4,0.0,0.7,1.3,0,6.4,0,Live
M100249,Fashion,2025-06-28,2.9,2.1,0.4,0.0,1.4,3.0,0,9.8,0,Live
M100250,Fashion,2025-03-07,0.8,1.4,0.3,0.0,1.4,1.0,0,4.9,0,Live
M100251,Electronics,2025-10-30,0.6,3.0,0.3,10.1,2.4,1.0,3,17.6,1,Live
M100252,Grocery,2025-03-16,0.5,1.8,2.0,4.0,0.9,2.8,2,12.0,0,Live
M100253,Electronics,2025-10-27,1.1,1.4,2.4,0.0,2.6,8.6,0,16.1,1,Live
M100254,Fashion,2025-03-09,0.6,2.2,1.1,0.0,1.8,0.5,0,6.2,0,Live
M100255,Electronics,2025-04-27,0.6,1.9,0.7,0.0,1.3,2.8,0,7.4,0,Live
M100256,Fashion,2025-08-12,1.4,0.9,1.8,0.0,2.0,0.2,0,6.4,0,Live
M100257,Beauty,2025-07-10,0.9,4.6,2.0,0.0,1.0,1.1,0,9.6,0,Live
M100258,Fashion,2025-08-07,1.1,2.7,1.9,0.0,1.8,3.3,0,10.8,0,Live
M100259,Electronics,2025-02-11,2.2,0.3,0.5,0.0,1.5,0.5,0,5.0,0,Live
M100260,Electronics,2025-01-05,2.0,2.3,2.2,1.4,2.3,0.6,2,10.8,0,Live
M100261,Fashion,2025-06-24,1.2,1.0,2.5,0.0,1.0,1.1,0,6.9,0,Live
M100262,Beauty,2025-06-06,0.9,3.4,0.7,0.0,2.0,2.5,0,9.6,0,Live
M100263,Fashion,2025-04-09,0.2,1.9,0.8,0.0,1.9,1.1,0,5.8,0,Live
M100264,Electronics,2025-01-09,2.4,0.7,0.8,0.0,1.6,1.8,0,7.3,0,Live
M100265,Fashion,2025-05-17,1.8,3.2,1.0,0.0,2.5,2.8,0,11.3,0,Live
M100266,Beauty,2025-03-26,2.0,1.2,1.4,0.0,0.8,3.0,0,8.5,0,Live
M100267,Electronics,2025-05-05,1.1,1.6,1.9,2.0,2.1,2.2,1,10.8,0,Live
M100268,Home & Kitchen,2025-11-12,0.8,1.4,1.7,0.0,0.6,1.3,0,5.7,0,Live
M100269,Fashion,2025-10-28,1.1,2.0,0.6,0.0,4.4,1.3,0,9.4,0,Live
M100270,Fashion,2025-01-03,0.6,0.5,2.0,0.0,3.9,0.5,0,7.6,0,Live
M100271,Electronics,2025-07-08,0.8,3.0,1.8,5.1,2.3,2.0,3,14.9,1,Live
M100272,Beauty,2025-08-01,2.1,2.6,1.6,0.0,1.5,0.8,0,8.7,0,Live
M100273,Grocery,2025-10-05,4.0,0.1,1.3,1.5,0.4,1.1,1,8.3,0,Live
M100274,Electronics,2025-09-15,1.4,2.7,2.3,0.0,1.2,4.7,0,12.3,0,Live
M100275,Grocery,2025-05-25,1.9,2.9,1.2,0.0,2.1,1.1,0,9.2,0,Live
M100276,Fashion,2025-11-12,1.5,2.4,0.5,0.0,3.1,2.0,0,9.6,0,Live
M100277,Home & Kitchen,2025-04-23,1.7,1.3,1.3,0.0,1.9,4.9,0,11.0,0,Live
M100278,Fashion,2025-02-13,0.6,1.1,0.4,0.0,1.3,2.4,0,5.8,0,Live
M100279,Electronics,2025-11-12,2.1,1.9,0.8,0.0,1.6,2.6,0,9.0,0,Live
M100280,Fashion,2025-11-26,1.1,0.8,0.2,0.0,1.2,2.4,0,5.7,0,Live
M100281,Grocery,2025-04-16,2.8,1.4,2.9,0.0,2.4,1.7,0,11.1,0,Live
M100282,Electronics,2025-11-10,1.7,1.0,2.1,0.0,1.3,2.4,0,8.5,0,Live
M100283,Toys,2025-01-16,0.4,2.4,1.1,0.0,0.9,0.6,0,5.3,0,Live
M100284,Fashion,2025-11-13,1.4,0.7,0.3,0.0,0.4,2.5,0,5.3,0,Live
M100285,Electronics,2025-03-15,0.5,1.3,0.7,0.0,0.6,1.2,0,4.3,0,Live
M100286,Electronics,2025-04-18,0.9,1.3,2.5,0.0,2.0,3.1,0,9.8,0,Live
M100287,Beauty,2025-09-01,1.3,2.8,2.3,0.0,2.6,0.9,0,9.9,0,Live
M100288,Electronics,2025-03-10,0.3,1.2,2.6,0.0,1.5,1.6,0,7.1,0,Live
M100289,Electronics,2025-05-24,2.6,3.7,1.7,0.0,3.0,1.6,0,12.6,0,Live
M100290,Fashion,2025-03-24,1.5,1.4,0.9,0.0,4.2,2.3,0,10.3,0,Live
M100291,Electronics,2025-09-15,1.6,1.7,2.4,0.0,4.0,4.1,0,13.8,0,Live
M100292,Beauty,2025-08-26,0.4,2.6,2.0,3.0,2.4,3.0,1,13.4,0,Live
M100293,Fashion,2025-08-15,0.7,2.2,2.3,2.4,0.9,0.7,2,9.3,0,Live
M100294,Electronics,2025-02-20,0.9,0.3,1.5,0.0,0.2,2.3,0,5.2,0,Live
M100295,Fashion,2025-10-25,1.3,1.2,2.0,0.0,0.9,3.5,0,8.9,0,Live
M100296,Fashion,2025-04-09,0.6,0.9,1.7,0.0,0.8,1.0,0,4.9,0,Live
M100297,Fashion,2025-02-21,0.6,3.4,0.7,5.4,0.1,2.6,3,12.9,0,Live
M100298,Beauty,2025-01-20,1.6,1.6,1.4,0.0,2.0,1.2,0,7.9,0,Live
M100299,Beauty,2025-10-19,0.8,3.8,0.8,0.0,0.9,0.6,0,6.9,0,Live
M100300,Electronics,2025-08-31,2.0,1.6,0.9,0.0,1.3,2.3,0,8.1,0,Live
M100301,Electronics,2025-03-04,1.5,0.6,1.3,0.0,1.7,6.0,0,11.1,0,Live
M100302,Beauty,2025-01-28,0.7,1.6,2.8,6.5,2.0,0.6,2,14.2,1,Live
M100303,Home & Kitchen,2025-05-23,1.6,0.8,0.3,0.0,3.8,1.6,0,8.3,0,Live
M100304,Grocery,2025-04-27,1.3,0.4,0.8,0.8,0.7,1.8,3,5.6,0,Live
M100305,Grocery,2025-11-06,2.1,1.4,1.7,0.0,0.9,2.4,0,8.5,0,Live
M100306,Electronics,2025-05-15,3.4,3.4,0.2,0.0,1.8,0.8,0,9.6,0,Live
M100307,Home & Kitchen,2025-04-20,0.7,1.4,1.7,0.0,1.5,2.3,0,7.5,0,Live
M100308,Home & Kitchen,2025-03-14,0.8,1.5,0.3,0.0,2.3,3.5,0,8.4,0,Live
M100309,Electronics,2025-07-10,1.7,2.3,0.2,0.0,1.1,0.8,0,6.1,0,Live
M100310,Electronics,2025-08-05,1.1,1.4,1.5,0.0,1.4,4.6,0,10.0,0,Live
M100311,Beauty,2025-04-29,1.5,2.6,1.7,0.0,4.0,4.7,0,14.5,1,Live
M100312,Home & Kitchen,2025-10-19,1.5,1.8,0.8,2.3,1.8,2.2,2,10.4,0,Live
M100313,Home & Kitchen,2025-02-06,1.1,1.3,0.8,0.0,2.7,0.5,0,6.4,0,Live
M100314,Electronics,2025-02-13,0.7,2.0,3.1,0.0,0.4,0.5,0,6.6,0,Live
M100315,Toys,2025-06-18,1.1,1.4,1.7,0.0,1.0,2.0,0,7.3,0,Live
M100316,Beauty,2025-03-15,0.9,2.8,3.7,0.0,0.5,1.3,0,9.2,0,Live
M100317,Fashion,2025-01-21,0.7,2.0,0.9,0.0,0.4,2.0,0,6.0,0,Live
M100318,Beauty,2025-01-08,1.1,1.9,1.3,0.0,1.5,0.8,0,6.6,0,Live
M100319,Grocery,2025-01-16,0.7,1.7,1.3,0.0,1.3,2.5,0,7.6,0,Live
M100320,Beauty,2025-02-28,0.2,1.6,0.5,0.0,1.0,0.8,0,4.1,0,Live
M100321,Electronics,2025-05-26,1.5,3.5,1.2,0.0,5.1,0.7,0,12.0,0,Live
M100322,Electronics,2025-11-02,1.9,1.9,1.8,0.0,1.7,1.6,0,9.0,0,Live
M100323,Fashion,2025-04-19,1.0,3.9,0.4,0.0,0.9,1.4,0,7.5,0,Live
M100324,Fashion,2025-01-27,0.8,3.5,2.1,0.0,1.5,2.3,0,10.2,0,Live
M100325,Electronics,2025-09-29,2.2,1.9,0.4,0.0,2.8,2.2,0,9.5,0,Live
M100326,Grocery,2025-01-10,0.8,1.2,0.9,4.8,2.0,1.7,1,11.4,0,Live
M100327,Beauty,2025-06-07,0.5,2.8,0.9,0.0,0.7,5.0,0,10.0,0,Live
M100328,Home & Kitchen,2025-10-24,0.4,1.3,1.6,0.0,2.1,0.8,0,6.2,0,Live
M100329,Grocery,2025-04-23,0.3,1.6,0.6,1.3,1.7,1.3,1,6.8,0,Live
M100330,Home & Kitchen,2025-04-18,0.6,1.3,1.4,0.0,1.3,2.2,0,6.8,0,Live
M100331,Fashion,2025-03-26,0.9,1.3,0.5,0.0,0.5,2.6,0,5.8,0,Live
M100332,Beauty,2025-11-07,0.8,1.5,3.5,0.0,0.6,1.8,0,8.3,0,Live
M100333,Electronics,2025-10-21,1.0,0.4,0.8,0.0,1.1,0.6,0,4.0,0,Live
M100334,Grocery,2025-06-26,0.8,3.9,1.5,0.0,1.5,1.5,0,9.2,0,Live
M100335,Electronics,2025-09-18,1.7,0.3,0.9,0.0,0.8,1.3,0,5.1,0,Live
M100336,Fashion,2025-04-20,1.4,2.8,2.1,0.0,1.2,2.0,0,9.5,0,Live
M100337,Beauty,2025-07-07,1.8,1.7,1.2,0.0,1.9,1.2,0,7.7,0,Live
M100338,Fashion,2025-04-03,0.8,1.0,0.6,6.2,0.7,1.8,3,11.1,0,Live
M100339,Grocery,2025-02-12,0.3,1.9,1.7,0.0,1.3,1.6,0,6.8,0,Live
M100340,Electronics,2025-04-07,0.9,0.4,2.1,0.0,1.1,0.7,0,5.1,0,Live
M100341,Beauty,2025-06-29,0.8,1.0,0.4,0.0,0.9,3.3,0,6.5,0,Live
M100342,Fashion,2025-01-04,1.2,1.4,2.2,0.0,3.2,6.4,0,14.3,1,Live
M100343,Home & Kitchen,2025-01-20,0.7,0.7,0.8,0.0,0.9,1.0,0,4.2,0,Live
M100344,Home & Kitchen,2025-10-30,1.0,1.1,0.3,0.0,0.3,1.7,0,4.4,0,Live
M100345,Fashion,2025-02-10,3.2,2.0,1.1,0.0,3.0,1.8,0,10.9,0,Live
M100346,Home & Kitchen,2025-01-20,0.8,4.2,0.6,0.0,1.0,1.4,0,7.9,0,Live
M100347,Fashion,2025-05-05,0.6,1.6,0.9,0.0,2.0,3.8,0,9.0,0,Live
M100348,Electronics,2025-10-09,0.8,1.0,2.1,0.0,1.9,0.5,0,6.4,0,Live
M100349,Electronics,2025-01-22,1.6,1.4,0.7,0.0,0.8,0.6,0,5.1,0,Live
M100350,Home & Kitchen,2025-02-22,1.0,1.3,1.0,0.0,0.7,1.9,0,6.0,0,Live
M100351,Fashion,2025-01-21,1.4,1.2,1.7,0.3,3.4,3.8,1,11.8,0,Live
M100352,Fashion,2025-08-27,1.4,4.6,2.4,0.0,1.5,2.6,0,12.4,0,Live
M100353,Beauty,2025-06-28,1.3,1.3,1.2,0.0,0.2,2.5,0,6.6,0,Live
M100354,Beauty,2025-08-30,0.3,3.3,0.6,0.0,0.7,6.5,0,11.4,0,Live
M100355,Electronics,2025-09-21,1.3,0.9,0.7,0.0,3.6,2.1,0,8.6,0,Live
M100356,Electronics,2025-08-05,0.4,4.2,1.6,0.0,1.4,4.1,0,11.6,0,Live
M100357,Beauty,2025-03-19,1.3,1.8,2.6,0.0,0.2,2.9,0,8.8,0,Live
M100358,Electronics,2025-07-18,1.3,3.5,1.5,0.0,1.7,1.5,0,9.5,0,Live
M100359,Electronics,2025-10-04,0.9,1.9,0.6,0.0,1.0,1.6,0,6.1,0,Live
M100360,Grocery,2025-08-28,1.4,1.7,3.0,0.0,1.5,3.0,0,10.6,0,Live
M100361,Fashion,2025-02-17,1.5,1.1,1.0,0.0,2.7,5.0,0,11.3,0,Live
M100362,Beauty,2025-05-01,0.5,0.6,1.2,1.5,1.7,1.7,2,7.1,0,Live
M100363,Home & Kitchen,2025-05-21,1.7,0.6,0.2,0.0,0.7,0.7,0,3.9,0,Live
M100364,Home & Kitchen,2025-07-01,1.7,0.8,2.6,0.0,0.9,2.1,0,8.1,0,Live
M100365,Beauty,2025-04-30,0.4,0.8,1.6,0.0,0.8,2.4,0,6.1,0,Live
M100366,Beauty,2025-08-07,0.6,3.5,1.1,0.0,3.2,0.8,0,9.2,0,Live
M100367,Grocery,2025-09-13,0.8,1.1,2.0,0.0,1.2,0.8,0,5.8,0,Live
M100368,Toys,2025-06-12,0.4,1.4,0.7,7.2,1.0,0.7,2,11.4,0,Live
M100369,Fashion,2025-07-02,0.4,1.4,0.3,0.0,1.8,3.0,0,6.9,0,Live
M100370,Fashion,2025-08-19,1.5,0.6,0.6,3.1,1.8,2.3,2,9.8,0,Live
M100371,Grocery,2025-07-05,0.8,3.3,1.2,0.0,2.1,2.6,0,10.0,0,Live
M100372,Fashion,2025-04-12,0.5,1.2,1.3,1.0,0.6,3.3,3,7.9,0,Live
M100373,Fashion,2025-01-26,1.1,1.4,0.4,0.0,1.1,2.9,0,6.8,0,Live
M100374,Beauty,2025-11-05,2.2,0.8,2.0,0.0,2.5,0.5,0,8.1,0,Live
M100375,Toys,2025-03-01,0.5,0.8,1.6,0.0,1.5,3.0,0,7.4,0,Live
M100376,Grocery,2025-06-29,2.2,1.9,2.4,0.0,4.5,1.9,0,12.9,0,Live
M100377,Home & Kitchen,2025-03-27,2.0,1.5,0.4,0.0,1.0,1.6,0,6.6,0,Live
M100378,Electronics,2025-10-01,0.8,3.3,0.9,0.0,3.4,3.9,0,12.3,0,Live
M100379,Toys,2025-08-18,1.9,2.7,1.3,0.0,0.4,3.6,0,9.9,0,Live
M100380,Beauty,2025-08-17,1.7,1.6,1.2,0.0,3.0,2.0,0,9.6,0,Live
M100381,Home & Kitchen,2025-10-11,0.5,1.0,1.9,0.0,1.1,2.1,0,6.6,0,Live
M100382,Fashion,2025-06-12,1.7,1.5,0.1,0.0,2.3,2.9,0,8.4,0,Live
M100383,Fashion,2025-10-31,2.3,0.7,0.2,0.0,1.3,4.1,0,8.5,0,Live
M100384,Fashion,2025-04-16,4.3,1.4,1.1,0.0,0.8,3.6,0,11.1,0,Live
M100385,Grocery,2025-10-05,1.4,1.5,1.5,0.0,2.4,5.8,0,12.6,0,Live
M100386,Fashion,2025-03-18,0.2,3.0,0.2,1.8,1.4,3.7,1,10.3,0,Live
M100387,Fashion,2025-09-28,1.0,2.0,0.9,0.0,2.1,11.9,0,17.8,1,Live
M100388,Home & Kitchen,2025-08-31,1.8,1.9,1.7,0.0,2.8,1.4,0,9.6,0,Live
M100389,Fashion,2025-10-03,1.3,0.4,1.1,0.0,1.4,4.6,0,8.9,0,Live
M100390,Home & Kitchen,2025-02-22,2.4,0.3,1.1,0.0,0.9,2.0,0,6.7,0,Live
M100391,Toys,2025-08-01,1.1,0.6,0.6,0.0,0.5,3.9,0,6.7,0,Live
M100392,Grocery,2025-11-26,0.3,0.5,3.8,0.0,0.8,2.8,0,8.2,0,Live
M100393,Fashion,2025-01-18,1.6,2.5,0.1,0.0,2.0,3.1,0,9.3,0,Live
M100394,Grocery,2025-03-12,0.2,3.2,0.3,0.0,2.0,5.3,0,11.0,0,Live
M100395,Electronics,2025-02-05,1.6,1.4,0.3,0.0,1.5,3.9,0,8.7,0,Live
M100396,Home & Kitchen,2025-10-17,1.6,1.2,1.0,0.0,2.6,1.4,0,7.8,0,Live
M100397,Electronics,2025-01-21,0.3,0.2,3.1,0.0,1.2,3.2,0,8.0,0,Live
M100398,Toys,2025-06-10,0.9,1.0,0.9,0.0,1.8,2.2,0,6.9,0,Live
M100399,Electronics,2025-08-20,1.0,2.2,3.3,0.0,1.3,1.3,0,9.1,0,Live
M100400,Beauty,2025-08-07,1.0,2.7,0.7,0.0,1.2,2.0,0,7.7,0,Live
M100401,Home & Kitchen,2025-08-16,1.9,0.5,0.5,0.0,0.9,1.4,0,5.3,0,Live
M100402,Beauty,2025-01-04,0.7,2.3,1.6,0.0,1.6,4.0,0,10.3,0,Live
M100403,Fashion,2025-02-20,1.1,1.4,0.8,0.0,1.0,0.8,0,5.1,0,Live
M100404,Home & Kitchen,2025-04-24,1.0,0.6,0.9,0.0,1.0,0.8,0,4.1,0,Live
M100405,Toys,2025-03-31,1.3,0.5,1.0,0.0,1.6,3.4,0,7.7,0,Live
M100406,Home & Kitchen,2025-07-07,0.5,1.0,1.1,0.1,2.3,3.8,1,8.8,0,Live
M100407,Fashion,2025-02-16,0.8,0.5,1.7,0.0,1.2,2.4,0,6.6,0,Live
M100408,Fashion,2025-05-23,0.9,2.3,1.2,0.0,1.7,3.4,0,9.4,0,Live
M100409,Electronics,2025-10-05,1.1,3.9,0.5,0.0,2.9,2.4,0,10.8,0,Live
M100410,Beauty,2025-06-23,1.1,1.9,2.3,0.0,1.1,2.2,0,8.5,0,Live
M100411,Fashion,2025-09-13,1.2,1.1,1.7,0.0,2.1,1.9,0,8.0,0,Live
M100412,Fashion,2025-10-12,2.6,0.3,2.0,0.0,1.2,1.9,0,8.0,0,Live
M100413,Home & Kitchen,2025-08-16,2.4,1.6,0.4,0.0,0.8,1.0,0,6.3,0,Live
M100414,Grocery,2025-11-14,1.5,0.5,0.5,0.0,1.1,1.4,0,4.9,0,Live
M100415,Electronics,2025-07-19,2.1,2.7,0.5,0.0,1.1,1.6,0,7.9,0,Live
M100416,Home & Kitchen,2025-09-16,0.7,1.2,0.9,0.0,2.7,1.2,0,6.7,0,Live
M100417,Fashion,2025-06-13,0.9,1.9,1.6,0.0,0.7,0.7,0,5.7,0,Live
M100418,Fashion,2025-04-25,0.6,2.7,2.1,0.0,2.4,2.6,0,10.4,0,Live
M100419,Electronics,2025-05-27,0.5,1.1,1.2,0.0,1.6,4.2,0,8.6,0,Live
M100420,Fashion,2025-01-21,0.3,2.0,2.1,0.0,0.8,3.5,0,8.6,0,Live
M100421,Electronics,2025-02-13,1.6,1.3,1.7,0.0,1.0,1.9,0,7.4,0,Live
M100422,Fashion,2025-01-26,0.6,0.9,0.4,0.0,1.7,4.7,0,8.3,0,Live
M100423,Toys,2025-06-16,1.0,2.8,0.8,0.0,0.4,3.1,0,8.1,0,Live
M100424,Home & Kitchen,2025-02-24,0.2,0.5,0.4,0.0,0.6,1.8,0,3.5,0,Live
M100425,Fashion,2025-07-08,2.2,1.0,1.9,0.0,2.6,2.4,0,10.2,0,Live
M100426,Fashion,2025-09-27,2.7,0.6,1.7,0.0,1.4,3.3,0,9.7,0,Live
M100427,Grocery,2025-07-30,0.7,1.7,0.6,0.0,2.0,5.3,0,10.4,0,Live
M100428,Electronics,2025-01-08,1.4,1.5,2.7,0.0,1.0,1.6,0,8.2,0,Live
M100429,Fashion,2025-01-28,0.9,0.7,1.2,0.0,1.1,2.5,0,6.3,0,Live
M100430,Fashion,2025-04-28,0.6,3.1,0.5,0.0,0.8,4.7,0,9.6,0,Live
M100431,Home & Kitchen,2025-10-30,1.8,1.5,0.5,1.9,3.1,6.7,1,15.6,1,Live
M100432,Home & Kitchen,2025-09-10,0.8,0.8,0.9,0.0,0.9,1.6,0,5.2,0,Live
M100433,Grocery,2025-08-16,1.4,1.6,1.1,0.0,0.6,1.1,0,5.8,0,Live
M100434,Fashion,2025-03-26,1.6,1.8,0.6,0.0,1.6,2.2,0,7.8,0,Live
M100435,Beauty,2025-08-07,0.5,4.1,1.4,0.0,1.2,2.8,0,10.0,0,Live
M100436,Grocery,2025-06-11,2.6,0.5,1.3,0.0,1.9,2.0,0,8.2,0,Live
M100437,Grocery,2025-03-23,0.6,0.8,0.7,0.0,1.7,3.2,0,6.9,0,Live
M100438,Beauty,2025-08-09,0.7,1.9,1.3,0.0,0.7,3.0,0,7.7,0,Live
M100439,Electronics,2025-06-13,0.6,2.4,2.7,0.0,1.5,2.9,0,10.1,0,Live
M100440,Fashion,2025-11-25,2.7,1.3,0.4,0.0,0.8,4.7,0,9.9,0,Live
M100441,Home & Kitchen,2025-07-26,0.6,0.8,0.4,0.0,1.0,2.2,0,5.1,0,Live
M100442,Fashion,2025-09-01,0.8,2.0,0.3,0.0,0.9,1.6,0,5.7,0,Live
M100443,Fashion,2025-03-07,1.6,1.6,0.5,0.0,0.7,0.7,0,5.1,0,Live
M100444,Electronics,2025-04-17,0.8,0.1,3.4,0.0,1.0,1.1,0,6.4,0,Live
M100445,Fashion,2025-08-06,0.3,1.3,0.3,0.0,1.8,1.9,0,5.7,0,Live
M100446,Electronics,2025-11-10,1.1,1.2,0.2,0.0,1.0,2.4,0,5.9,0,Live
M100447,Grocery,2025-07-13,2.2,2.3,0.6,0.0,2.2,2.9,0,10.2,0,Live
M100448,Fashion,2025-02-27,0.3,2.0,1.1,0.0,0.4,2.2,0,5.9,0,Live
M100449,Beauty,2025-09-13,0.9,2.3,0.2,0.0,0.8,0.9,0,5.0,0,Live
M100450,Toys,2025-06-17,0.5,3.7,1.7,0.0,2.4,2.4,0,10.6,0,Live
M100451,Fashion,2025-06-27,1.1,1.6,0.2,0.0,1.2,0.8,0,4.9,0,Live
M100452,Electronics,2025-05-03,1.3,1.9,0.5,1.7,0.5,3.2,1,9.1,0,Live
M100453,Beauty,2025-08-14,0.4,3.5,0.9,0.0,1.5,0.8,0,7.1,0,Live
M100454,Beauty,2025-08-08,1.2,2.2,0.9,0.0,3.0,5.2,0,12.6,0,Live
M100455,Fashion,2025-11-09,1.2,0.6,1.2,0.0,1.0,1.0,0,5.0,0,Live
M100456,Beauty,2025-03-04,1.0,2.5,1.4,0.0,2.1,1.5,0,8.4,0,Live
M100457,Electronics,2025-08-03,0.4,1.8,1.0,0.0,5.3,2.8,0,11.3,0,Live
M100458,Fashion,2025-08-19,1.7,0.7,0.8,0.0,1.1,2.2,0,6.5,0,Live
M100459,Home & Kitchen,2025-01-02,0.3,0.8,1.6,0.0,1.7,1.2,0,5.5,0,Live
M100460,Home & Kitchen,2025-07-05,0.4,2.1,0.5,0.0,2.4,0.8,0,6.1,0,Live
M100461,Grocery,2025-01-22,1.5,0.9,0.3,0.0,0.5,1.8,0,5.0,0,Live
M100462,Home & Kitchen,2025-09-26,0.7,1.4,0.2,0.0,1.8,1.3,0,5.4,0,Live
M100463,Fashion,2025-05-09,0.5,0.5,1.1,0.0,1.5,5.9,0,9.5,0,Live
M100464,Home & Kitchen,2025-04-06,0.4,0.4,0.6,0.0,0.8,1.1,0,3.3,0,Live
M100465,Electronics,2025-05-25,2.7,1.6,0.8,0.0,1.8,4.6,0,11.5,0,Live
M100466,Beauty,2025-10-21,1.5,2.5,2.0,3.3,2.2,1.8,2,13.2,0,Live
M100467,Fashion,2025-07-20,1.2,2.1,0.4,0.0,0.7,1.7,0,6.1,0,Live
M100468,Home & Kitchen,2025-05-09,1.4,2.3,0.4,1.8,1.8,1.1,1,8.8,0,Live
M100469,Beauty,2025-05-18,2.7,1.2,0.8,0.0,0.7,1.9,0,7.3,0,Live
M100470,Fashion,2025-02-20,1.2,2.1,1.6,0.0,2.1,0.6,0,7.7,0,Live
M100471,Fashion,2025-05-19,1.4,1.9,0.9,0.0,0.7,2.5,0,7.4,0,Live
M100472,Grocery,2025-10-23,1.3,3.9,1.9,0.0,0.8,1.9,0,9.8,0,Live
M100473,Grocery,2025-01-22,2.0,1.3,1.2,0.0,0.4,1.2,0,6.1,0,Live
M100474,Fashion,2025-07-20,1.5,0.5,2.3,0.0,1.3,2.9,0,8.3,0,Live
M100475,Toys,2025-09-30,1.3,1.4,2.1,0.0,0.8,2.1,0,7.7,0,Live
M100476,Electronics,2025-06-16,1.0,1.0,1.3,1.8,0.3,3.0,2,8.4,0,Live
M100477,Home & Kitchen,2025-06-15,1.9,0.9,0.5,0.0,1.9,5.0,0,10.2,0,Live
M100478,Electronics,2025-10-19,3.4,1.2,0.4,0.0,0.4,1.8,0,7.2,0,Live
M100479,Electronics,2025-11-05,1.7,1.9,1.4,0.0,1.4,1.1,0,7.4,0,Live
M100480,Grocery,2025-05-02,1.8,2.2,1.8,0.0,1.1,6.8,0,13.8,0,Live
M100481,Home & Kitchen,2025-10-27,1.2,0.5,0.7,0.0,1.0,2.0,0,5.3,0,Live
M100482,Toys,2025-11-04,1.5,0.2,0.5,0.0,2.6,4.1,0,8.8,0,Live
M100483,Home & Kitchen,2025-11-13,0.8,1.9,0.9,0.0,1.5,0.4,0,5.6,0,Live
M100484,Toys,2025-05-20,0.9,1.1,1.1,0.2,0.6,1.1,2,4.9,0,Live
M100485,Home & Kitchen,2025-08-02,0.8,0.5,0.7,0.0,1.0,2.9,0,5.9,0,Live
M100486,Electronics,2025-07-18,0.7,0.5,1.8,0.0,1.7,1.5,0,6.1,0,Live
M100487,Home & Kitchen,2025-01-19,0.4,1.0,1.9,0.0,1.8,1.1,0,6.2,0,Live
M100488,Fashion,2025-02-24,2.0,4.6,1.3,0.0,0.9,2.9,0,11.7,0,Live
M100489,Beauty,2025-05-14,1.5,1.9,1.7,0.0,1.5,3.8,0,10.4,0,Live
M100490,Fashion,2025-04-12,2.1,1.2,1.2,0.0,1.1,2.6,0,8.2,0,Live
M100491,Toys,2025-06-16,1.1,0.9,0.9,0.0,0.4,1.8,0,5.2,0,Live
M100492,Fashion,2025-04-01,2.0,0.9,1.2,0.0,1.9,1.0,0,7.1,0,Live
M100493,Beauty,2025-03-20,0.9,1.0,1.3,0.0,2.5,2.6,0,8.2,0,Live
M100494,Beauty,2025-04-08,2.2,3.7,0.4,0.0,3.0,4.2,0,13.6,0,Live
M100495,Home & Kitchen,2025-01-12,0.8,1.8,0.7,0.0,3.0,5.0,0,11.4,0,Live
M100496,Fashion,2025-05-29,2.1,2.7,0.4,0.0,1.4,0.8,0,7.4,0,Live
M100497,Beauty,2025-08-31,0.6,1.2,1.2,0.0,0.4,1.4,0,4.8,0,Live
M100498,Electronics,2025-02-16,0.4,1.9,1.6,1.7,0.4,1.0,1,7.0,0,Live
M100499,Electronics,2025-09-14,1.5,4.1,0.2,0.0,1.4,1.1,0,8.4,0,Live
M100500,Beauty,2025-07-12,1.4,2.4,2.3,0.0,2.1,3.1,0,11.3,0,Live
M100501,Toys,2025-03-01,1.0,1.7,0.7,0.0,1.0,3.1,0,7.6,0,Live
M100502,Fashion,2025-04-30,0.3,1.5,0.9,0.0,1.7,3.0,0,7.5,0,Live
M100503,Electronics,2025-01-04,1.3,5.9,1.8,0.0,1.0,1.9,0,11.9,0,Live
M100504,Home & Kitchen,2025-09-26,1.0,2.4,1.4,0.8,1.5,2.1,1,9.1,0,Live
M100505,Fashion,2025-08-27,1.2,1.4,1.0,0.0,1.5,2.5,0,7.6,0,Live
M100506,Toys,2025-11-17,1.6,0.6,2.1,0.0,1.2,3.1,0,8.6,0,Live
M100507,Home & Kitchen,2025-08-11,1.7,2.7,0.6,4.0,1.8,0.8,1,11.7,0,Live
M100508,Fashion,2025-02-14,1.2,0.7,0.5,0.0,2.1,2.8,0,7.3,0,Live
M100509,Fashion,2025-02-15,1.5,1.6,0.6,0.0,2.5,1.3,0,7.6,0,Live
M100510,Fashion,2025-10-17,0.2,2.0,0.3,0.0,1.3,1.7,0,5.5,0,Live
M100511,Electronics,2025-02-28,0.5,1.6,2.7,3.9,1.5,1.2,2,11.4,0,Live
M100512,Grocery,2025-09-23,0.7,4.3,1.1,0.0,2.0,2.1,0,10.1,0,Live
M100513,Fashion,2025-03-17,1.5,1.3,1.1,0.0,1.7,3.4,0,9.1,0,Live
M100514,Fashion,2025-03-01,3.0,1.8,0.4,0.0,0.5,1.8,0,7.5,0,Live
M100515,Fashion,2025-08-02,0.6,0.4,1.4,0.0,0.7,3.1,0,6.1,0,Live
M100516,Home & Kitchen,2025-03-18,0.8,1.2,1.0,0.0,2.6,3.9,0,9.6,0,Live
M100517,Electronics,2025-10-11,1.9,5.1,5.4,0.0,2.5,3.6,0,18.5,1,Live
M100518,Electronics,2025-10-29,1.6,0.6,1.3,11.4,3.4,4.7,3,23.0,1,Live
M100519,Fashion,2025-09-29,0.9,0.3,3.3,3.7,1.9,1.4,2,11.6,0,Live
M100520,Grocery,2025-08-20,0.8,3.1,0.5,0.0,2.6,2.4,0,9.4,0,Live
M100521,Electronics,2025-03-01,1.1,5.6,0.8,4.2,2.2,1.4,1,15.4,1,Live
M100522,Grocery,2025-09-03,2.4,1.6,0.6,0.0,2.1,5.7,0,12.3,0,Live
M100523,Fashion,2025-04-18,1.1,1.6,0.3,0.0,0.9,2.7,0,6.7,0,Live
M100524,Electronics,2025-02-12,2.2,2.3,1.4,0.0,3.5,2.4,0,11.8,0,Live
M100525,Electronics,2025-06-24,1.9,2.0,2.4,0.0,2.4,1.5,0,10.2,0,Live
M100526,Grocery,2025-08-23,1.7,1.0,1.6,0.0,2.0,0.2,0,6.6,0,Live
M100527,Beauty,2025-07-25,1.7,2.1,1.0,0.0,0.7,1.8,0,7.3,0,Live
M100528,Home & Kitchen,2025-06-19,1.1,0.5,0.7,0.0,1.7,3.8,0,7.8,0,Live
M100529,Fashion,2025-03-19,1.7,1.6,0.5,0.0,2.5,3.0,0,9.3,0,Live
M100530,Beauty,2025-07-30,2.4,0.7,1.8,0.0,1.6,4.4,0,11.0,0,Live
M100531,Grocery,2025-04-26,0.5,0.5,1.4,0.0,1.5,2.5,0,6.4,0,Live
M100532,Beauty,2025-02-20,1.9,0.2,1.7,0.0,2.5,1.3,0,7.6,0,Live
M100533,Toys,2025-07-18,2.0,1.4,1.7,0.0,0.6,1.9,0,7.6,0,Live
M100534,Home & Kitchen,2025-07-13,1.1,0.7,0.4,2.5,1.1,0.5,3,6.3,0,Live
M100535,Electronics,2025-07-30,1.7,2.2,1.0,0.0,1.7,0.3,0,7.0,0,Live
M100536,Fashion,2025-07-23,0.9,2.3,0.9,0.0,0.5,4.8,0,9.4,0,Live
M100537,Beauty,2025-09-04,0.6,0.8,1.7,0.0,0.9,5.7,0,9.7,0,Live
M100538,Beauty,2025-07-05,1.3,1.0,1.4,0.0,2.1,5.5,0,11.3,0,Live
M100539,Home & Kitchen,2025-06-29,0.7,1.2,0.4,0.0,3.8,2.7,0,8.8,0,Live
M100540,Beauty,2025-02-07,1.3,0.6,3.2,0.0,0.8,0.7,0,6.7,0,Live
M100541,Electronics,2025-01-09,1.4,1.6,0.4,0.0,1.8,1.6,0,6.9,0,Live
M100542,Grocery,2025-03-30,2.0,1.5,0.5,0.0,2.0,1.9,0,7.8,0,Live
M100543,Beauty,2025-03-17,0.5,0.4,3.2,0.0,1.6,3.8,0,9.5,0,Live
M100544,Fashion,2025-03-20,0.8,1.3,2.5,0.0,2.9,2.7,0,10.2,0,Live
M100545,Home & Kitchen,2025-06-30,0.9,1.7,0.9,0.0,1.4,2.0,0,6.9,0,Live
M100546,Home & Kitchen,2025-03-19,4.0,1.2,0.2,0.0,2.5,1.1,0,9.0,0,Live
M100547,Fashion,2025-04-10,1.5,1.9,0.8,0.0,0.6,2.4,0,7.3,0,Live
M100548,Toys,2025-02-27,1.2,1.2,0.5,0.0,0.7,1.6,0,5.2,0,Live
M100549,Beauty,2025-11-21,0.6,1.6,0.1,0.0,2.3,3.2,0,7.9,0,Live
M100550,Fashion,2025-05-11,1.5,0.7,1.6,0.0,1.2,1.2,0,6.2,0,Live
M100551,Fashion,2025-03-24,1.1,1.7,1.3,0.0,1.9,2.0,0,8.0,0,Live
M100552,Fashion,2025-10-29,4.4,2.3,1.0,1.9,5.2,1.8,2,16.6,1,Live
M100553,Toys,2025-10-13,0.3,1.9,0.5,0.7,1.6,2.7,1,7.5,0,Live
M100554,Fashion,2025-06-26,1.6,2.3,2.1,0.0,1.2,0.6,0,7.9,0,Live
M100555,Grocery,2025-03-09,1.2,2.5,0.7,0.0,4.3,3.8,0,12.7,0,Live
M100556,Home & Kitchen,2025-02-13,1.0,1.3,0.3,4.2,2.1,9.0,2,17.9,1,Live
M100557,Fashion,2025-09-11,2.3,0.5,0.2,0.0,0.9,2.6,0,6.5,0,Live
M100558,Fashion,2025-03-20,1.5,1.3,1.6,0.0,2.2,1.3,0,7.8,0,Live
M100559,Fashion,2025-08-19,0.4,1.5,0.3,0.0,1.2,1.2,0,4.7,0,Live
M100560,Beauty,2025-04-12,0.4,1.6,1.0,0.0,0.8,4.0,0,7.8,0,Live
M100561,Electronics,2025-11-25,1.5,3.1,1.4,0.0,0.7,2.1,0,8.8,0,Live
M100562,Fashion,2025-02-14,1.1,1.3,1.1,0.0,1.0,6.1,0,10.6,0,Live
M100563,Toys,2025-08-09,1.8,2.4,1.4,0.0,1.1,2.9,0,9.5,0,Live
M100564,Home & Kitchen,2025-09-14,0.9,1.0,1.0,0.0,2.4,5.8,0,11.1,0,Live
M100565,Fashion,2025-11-02,1.2,0.6,1.4,0.0,1.7,2.9,0,7.8,0,Live
M100566,Toys,2025-10-07,0.3,2.4,0.5,0.0,2.2,1.5,0,6.8,0,Live
M100567,Home & Kitchen,2025-10-17,0.5,1.0,2.0,0.0,2.4,1.6,0,7.4,0,Live
M100568,Electronics,2025-06-02,3.2,1.3,1.4,0.0,0.3,2.1,0,8.3,0,Live
M100569,Fashion,2025-04-30,1.0,0.5,0.4,0.0,2.0,2.5,0,6.3,0,Live
M100570,Beauty,2025-09-08,0.6,0.6,1.0,0.0,2.1,2.1,0,6.4,0,Live
M100571,Fashion,2025-06-30,1.9,0.4,0.6,0.0,1.8,2.5,0,7.1,0,Live
M100572,Toys,2025-10-22,0.5,1.9,2.1,0.0,3.8,2.2,0,10.5,0,Live
M100573,Beauty,2025-02-03,0.5,3.4,3.5,0.0,1.5,1.0,0,9.9,0,Live
M100574,Beauty,2025-11-09,2.0,1.0,0.4,2.1,2.0,1.4,3,9.0,0,Live
M100575,Beauty,2025-03-10,0.5,2.0,0.5,0.0,3.3,3.4,0,9.7,0,Live
M100576,Grocery,2025-04-07,0.6,2.1,1.9,0.0,0.3,1.5,0,6.5,0,Live
M100577,Electronics,2025-10-19,3.4,2.9,1.2,0.0,1.4,2.2,0,11.1,0,Live
M100578,Beauty,2025-07-09,1.5,0.8,0.5,0.0,1.8,2.0,0,6.6,0,Live
M100579,Fashion,2025-03-09,1.4,2.1,0.7,0.0,1.9,3.0,0,9.2,0,Live
M100580,Beauty,2025-07-15,0.6,3.4,2.1,0.0,3.2,3.2,0,12.5,0,Live
M100581,Beauty,2025-04-19,0.3,1.4,1.3,0.0,1.1,1.3,0,5.5,0,Live
M100582,Fashion,2025-07-12,1.0,0.5,0.3,0.0,2.1,3.2,0,7.0,0,Live
M100583,Fashion,2025-03-04,1.8,1.1,0.7,0.0,1.6,4.5,0,9.8,0,Live
M100584,Grocery,2025-05-10,0.9,2.9,0.2,0.0,1.8,1.2,0,7.0,0,Live
M100585,Grocery,2025-09-26,0.9,3.9,0.7,4.7,0.9,3.3,1,14.5,1,Live
M100586,Fashion,2025-01-31,0.9,0.8,1.4,0.0,2.7,1.8,0,7.6,0,Live
M100587,Home & Kitchen,2025-02-20,0.4,1.8,0.2,0.0,2.4,1.4,0,6.2,0,Live
M100588,Fashion,2025-09-02,0.4,1.1,1.1,1.0,1.1,3.6,1,8.3,0,Live
M100589,Fashion,2025-07-17,2.2,1.4,2.6,0.0,0.5,2.4,0,9.1,0,Live
M100590,Toys,2025-10-11,1.8,2.2,0.8,1.2,1.4,1.8,1,9.2,0,Live
M100591,Home & Kitchen,2025-02-24,2.2,0.8,0.8,0.0,1.5,2.0,0,7.3,0,Live
M100592,Beauty,2025-01-07,1.1,4.6,2.8,0.0,3.4,1.8,0,13.8,0,Live
M100593,Electronics,2025-10-06,1.3,0.7,0.6,0.0,1.2,2.0,0,5.8,0,Live
M100594,Beauty,2025-01-29,1.5,1.1,1.9,0.0,2.3,3.4,0,10.1,0,Live
M100595,Home & Kitchen,2025-02-18,1.0,0.9,1.4,0.0,3.0,2.3,0,8.7,0,Live
M100596,Electronics,2025-04-23,0.8,6.6,1.2,0.0,2.0,1.0,0,11.7,0,Live
M100597,Electronics,2025-07-20,0.9,1.7,2.4,0.0,2.1,0.3,0,7.5,0,Live
M100598,Fashion,2025-11-03,0.9,0.6,0.3,0.0,2.5,1.7,0,6.0,0,Live
M100599,Home & Kitchen,2025-11-13,1.8,1.8,0.4,0.0,1.3,2.6,0,7.9,0,Live
M100600,Fashion,2025-08-23,1.1,2.0,0.3,0.0,1.2,3.3,0,7.9,0,Live
M100601,Electronics,2025-08-11,0.5,3.0,0.8,0.0,0.3,1.1,0,5.7,0,Live
M100602,Grocery,2025-03-20,2.0,1.7,2.4,0.0,1.2,2.7,0,10.0,0,Live
M100603,Home & Kitchen,2025-07-07,1.7,1.0,0.9,0.0,0.9,2.2,0,6.6,0,Live
M100604,Home & Kitchen,2025-11-13,1.2,0.1,0.4,0.0,0.9,0.8,0,3.4,0,Live
M100605,Fashion,2025-09-02,1.8,0.5,2.0,0.0,1.6,1.1,0,7.0,0,Live
M100606,Grocery,2025-03-29,0.7,1.5,0.5,1.2,3.9,2.7,1,10.6,0,Live
M100607,Home & Kitchen,2025-05-19,0.6,1.1,0.6,0.0,2.3,2.8,0,7.4,0,Live
M100608,Toys,2025-01-08,1.6,1.8,1.3,0.0,1.0,1.2,0,7.0,0,Live
M100609,Toys,2025-02-05,0.7,1.6,0.9,0.0,2.9,1.6,0,7.8,0,Live
M100610,Toys,2025-03-11,3.1,1.0,1.8,0.0,5.3,2.3,0,13.5,0,Live
M100611,Home & Kitchen,2025-08-26,2.2,1.5,2.8,0.0,4.2,4.1,0,14.8,1,Live
M100612,Beauty,2025-07-11,2.3,2.3,0.5,0.0,3.9,0.7,0,9.7,0,Live
M100613,Fashion,2025-10-17,0.5,2.7,0.6,0.0,1.7,2.0,0,7.5,0,Live
M100614,Fashion,2025-07-10,1.3,0.9,0.9,1.7,3.7,2.3,3,10.8,0,Live
M100615,Beauty,2025-03-24,2.8,2.0,1.5,0.0,3.2,1.2,0,10.7,0,Live
M100616,Home & Kitchen,2025-11-11,0.2,1.2,1.5,0.0,1.3,1.6,0,5.8,0,Live
M100617,Toys,2025-06-02,2.6,1.5,0.4,0.0,2.0,2.0,0,8.5,0,Live
M100618,Electronics,2025-04-14,2.2,1.2,1.6,0.0,2.5,1.7,0,9.3,0,Live
M100619,Electronics,2025-10-02,1.2,1.3,0.4,0.0,1.9,3.6,0,8.5,0,Live
M100620,Beauty,2025-11-01,1.3,1.4,0.6,0.0,0.5,4.9,0,8.8,0,Live
M100621,Home & Kitchen,2025-03-30,1.0,0.6,1.2,0.0,1.3,3.0,0,7.2,0,Live
M100622,Grocery,2025-06-24,1.9,4.1,1.1,2.1,2.2,2.6,2,14.0,0,Live
M100623,Electronics,2025-04-17,1.4,1.5,1.5,0.0,1.4,2.5,0,8.3,0,Live
M100624,Grocery,2025-02-11,1.5,2.4,4.0,2.2,1.2,2.7,2,14.0,0,Live
M100625,Grocery,2025-04-21,0.6,1.1,2.6,0.0,1.8,0.3,0,6.4,0,Live
M100626,Grocery,2025-09-04,1.8,1.3,1.2,0.0,2.5,3.7,0,10.5,0,Live
M100627,Electronics,2025-02-18,1.1,2.1,1.2,0.0,0.9,5.3,0,10.5,0,Live
M100628,Grocery,2025-03-30,0.5,2.2,1.6,0.0,0.8,4.7,0,9.9,0,Live
M100629,Electronics,2025-10-26,0.5,1.7,0.9,0.0,0.5,1.1,0,4.7,0,Live
M100630,Home & Kitchen,2025-07-24,0.6,1.0,1.0,0.0,0.9,0.7,0,4.2,0,Live
M100631,Toys,2025-08-01,1.2,3.0,0.5,0.0,1.3,0.8,0,6.9,0,Live
M100632,Home & Kitchen,2025-11-14,0.9,0.9,0.4,0.0,2.3,0.3,0,4.8,0,Live
M100633,Home & Kitchen,2025-08-09,1.4,0.7,1.2,1.5,0.8,3.3,1,9.0,0,Live
M100634,Electronics,2025-11-05,0.3,1.4,0.8,0.0,2.1,2.4,0,7.0,0,Live
M100635,Home & Kitchen,2025-09-10,0.3,0.8,0.3,0.0,2.5,2.7,0,6.6,0,Live
M100636,Electronics,2025-03-31,0.8,2.3,1.6,0.0,1.0,2.1,0,7.8,0,Live
M100637,Home & Kitchen,2025-10-13,1.6,1.6,0.3,0.0,1.9,1.0,0,6.4,0,Live
M100638,Home & Kitchen,2025-10-21,3.1,2.9,0.8,0.0,1.9,0.3,0,9.1,0,Live
M100639,Electronics,2025-06-21,1.6,0.3,1.7,0.0,0.7,2.0,0,6.2,0,Live
M100640,Fashion,2025-08-21,0.8,0.7,0.8,0.0,0.6,2.1,0,5.0,0,Live
M100641,Toys,2025-11-16,0.7,1.3,2.2,0.0,0.9,1.2,0,6.3,0,Live
M100642,Home & Kitchen,2025-11-07,0.9,1.4,1.2,0.0,0.4,2.3,0,6.3,0,Live
M100643,Fashion,2025-01-02,1.0,0.7,1.1,0.0,1.6,2.0,0,6.3,0,Live
M100644,Electronics,2025-01-04,0.8,1.2,2.5,10.3,1.6,1.1,3,17.5,1,Live
M100645,Home & Kitchen,2025-03-21,1.6,1.2,1.8,0.0,1.2,3.1,0,8.9,0,Live
M100646,Fashion,2025-04-07,1.9,0.3,0.8,0.0,1.8,4.1,0,8.8,0,Live
M100647,Grocery,2025-03-01,0.7,1.9,0.4,0.0,1.0,2.7,0,6.7,0,Live
M100648,Home & Kitchen,2025-03-24,0.6,1.2,1.2,0.0,2.8,1.9,0,7.7,0,Live
M100649,Beauty,2025-07-15,0.9,4.7,1.3,0.0,1.2,1.9,0,10.1,0,Live
M100650,Home & Kitchen,2025-02-18,1.9,0.9,0.8,0.0,1.6,4.6,0,9.9,0,Live
M100651,Fashion,2025-09-05,2.7,1.1,1.6,0.0,0.6,0.6,0,6.5,0,Live
M100652,Toys,2025-11-01,1.6,0.5,2.6,0.0,1.5,3.0,0,9.2,0,Live
M100653,Grocery,2025-10-04,1.9,1.2,2.0,0.0,2.8,3.6,0,11.5,0,Live
M100654,Fashion,2025-09-05,0.8,2.1,0.6,0.0,1.2,0.7,0,5.4,0,Live
M100655,Home & Kitchen,2025-11-21,0.6,1.7,0.8,0.0,1.7,1.8,0,6.5,0,Live
M100656,Home & Kitchen,2025-01-22,1.7,0.7,0.9,0.0,1.5,3.1,0,7.8,0,Live
M100657,Electronics,2025-11-02,2.1,2.6,1.5,0.0,0.9,3.2,0,10.4,0,Live
M100658,Electronics,2025-04-21,0.9,2.6,0.5,0.0,1.2,2.5,0,7.7,0,Live
M100659,Fashion,2025-06-04,1.0,1.0,1.2,0.0,0.6,2.2,0,6.0,0,Live
M100660,Home & Kitchen,2025-11-14,1.0,1.9,1.2,0.0,2.9,4.2,0,11.3,0,Live
M100661,Electronics,2025-06-14,0.5,1.8,0.9,0.0,1.0,1.6,0,5.7,0,Live
M100662,Fashion,2025-02-27,1.0,1.8,1.0,0.0,1.6,4.3,0,9.7,0,Live
M100663,Fashion,2025-06-23,1.3,0.5,0.7,0.0,2.0,1.7,0,6.2,0,Live
M100664,Fashion,2025-09-28,1.5,0.6,1.6,0.0,1.7,2.4,0,7.9,0,Live
M100665,Home & Kitchen,2025-01-01,0.4,1.0,2.7,0.0,2.3,2.2,0,8.6,0,Live
M100666,Home & Kitchen,2025-08-04,1.5,1.2,1.8,0.0,0.2,2.4,0,7.2,0,Live
M100667,Electronics,2025-06-04,1.5,0.9,3.3,0.0,0.7,5.7,0,12.0,0,Live
M100668,Home & Kitchen,2025-05-10,0.2,0.5,2.4,0.0,1.8,2.6,0,7.5,0,Live
M100669,Home & Kitchen,2025-08-22,1.0,2.4,0.4,0.0,2.6,3.2,0,9.7,0,Live
M100670,Fashion,2025-04-30,0.6,1.6,1.3,0.0,1.1,1.2,0,5.8,0,Live
M100671,Fashion,2025-01-20,0.5,2.9,0.6,0.0,0.7,2.3,0,7.0,0,Live
M100672,Toys,2025-04-08,2.7,3.3,1.8,0.0,1.6,1.7,0,11.1,0,Live
M100673,Fashion,2025-04-05,0.5,0.1,0.5,0.0,2.9,3.6,0,7.6,0,Live
M100674,Fashion,2025-11-26,1.1,1.1,1.4,0.0,2.0,6.4,0,11.9,0,Live
M100675,Beauty,2025-02-17,0.9,0.5,0.6,0.0,1.5,5.1,0,8.6,0,Live
M100676,Toys,2025-10-13,1.0,1.3,0.7,0.0,1.7,2.4,0,7.1,0,Live
M100677,Fashion,2025-02-02,2.0,2.7,1.7,0.0,1.4,3.3,0,11.1,0,Live
M100678,Electronics,2025-07-05,1.0,1.2,1.8,0.0,0.6,2.4,0,7.0,0,Live
M100679,Grocery,2025-04-19,1.1,1.2,0.9,0.0,1.0,4.0,0,8.2,0,Live
M100680,Fashion,2025-07-25,0.3,1.7,0.3,0.0,0.8,3.6,0,6.7,0,Live
M100681,Fashion,2025-05-27,0.7,1.0,0.7,0.0,0.2,0.4,0,3.0,0,Live
M100682,Home & Kitchen,2025-05-24,0.9,4.4,0.9,0.0,0.8,2.3,0,9.3,0,Live
M100683,Grocery,2025-02-09,1.4,1.7,2.1,0.0,1.2,3.0,0,9.6,0,Live
M100684,Fashion,2025-10-24,1.4,3.3,1.5,0.0,1.5,2.1,0,9.8,0,Live
M100685,Electronics,2025-08-03,1.2,2.3,0.9,1.4,0.4,2.0,1,8.1,0,Live
M100686,Home & Kitchen,2025-07-26,1.0,1.3,1.0,0.0,2.2,3.4,0,8.9,0,Live
M100687,Home & Kitchen,2025-08-06,0.4,0.7,1.1,0.0,0.5,2.0,0,4.8,0,Live
M100688,Home & Kitchen,2025-07-03,2.3,1.0,1.2,0.0,1.7,3.1,0,9.3,0,Live
M100689,Toys,2025-11-25,1.0,3.7,1.6,0.0,1.2,1.5,0,9.0,0,Live
M100690,Toys,2025-03-09,3.1,2.5,0.7,0.0,1.3,1.7,0,9.4,0,Live
M100691,Fashion,2025-08-23,0.7,2.3,1.2,0.0,0.9,2.3,0,7.4,0,Live
M100692,Fashion,2025-02-17,0.8,1.3,1.3,0.0,0.9,2.1,0,6.4,0,Live
M100693,Electronics,2025-01-07,0.4,1.5,2.0,0.0,1.5,1.4,0,6.8,0,Live
M100694,Fashion,2025-10-30,3.3,2.9,0.4,1.4,3.6,1.2,1,12.7,0,Live
M100695,Fashion,2025-02-13,0.4,1.8,1.1,0.0,1.1,0.8,0,5.2,0,Live
M100696,Home & Kitchen,2025-01-21,0.4,2.8,0.7,0.0,2.2,2.0,0,8.1,0,Live
M100697,Toys,2025-10-31,1.9,0.3,1.6,0.0,1.7,1.7,0,7.2,0,Live
M100698,Electronics,2025-08-31,1.1,2.8,3.6,0.0,1.5,0.7,0,9.8,0,Live
M100699,Fashion,2025-02-20,1.1,5.5,1.0,0.0,1.0,3.8,0,12.4,0,Live
M100700,Home & Kitchen,2025-09-18,2.4,1.6,0.7,0.0,2.2,4.8,0,11.7,0,Live
M100701,Electronics,2025-03-11,0.3,2.3,1.1,0.0,2.2,4.4,0,10.3,0,Live
M100702,Fashion,2025-01-26,1.8,2.9,0.9,0.0,0.9,0.7,0,7.3,0,Live
M100703,Fashion,2025-06-02,0.8,1.2,2.4,0.0,4.1,2.1,0,10.5,0,Live
M100704,Grocery,2025-02-03,1.2,1.6,2.5,0.0,1.3,3.0,0,9.6,0,Live
M100705,Fashion,2025-09-22,1.7,0.6,1.3,0.0,1.2,1.0,0,5.9,0,Live
M100706,Home & Kitchen,2025-07-21,2.0,1.1,1.5,0.0,3.4,1.2,0,9.3,0,Live
M100707,Electronics,2025-06-04,2.5,1.4,0.9,0.0,2.6,0.9,0,8.4,0,Live
M100708,Beauty,2025-03-13,2.0,4.6,0.8,0.0,0.9,4.3,0,12.6,0,Live
M100709,Home & Kitchen,2025-01-08,0.9,1.9,0.5,10.2,1.8,4.4,3,19.7,1,Live
M100710,Fashion,2025-03-02,2.0,0.8,0.5,0.0,0.7,0.8,0,4.8,0,Live
M100711,Fashion,2025-05-01,0.6,0.4,0.8,0.0,2.0,0.6,0,4.4,0,Live
M100712,Fashion,2025-09-06,1.3,1.4,1.3,0.0,2.1,1.3,0,7.4,0,Live
M100713,Fashion,2025-11-13,1.0,1.1,1.3,0.0,1.3,2.4,0,7.1,0,Live
M100714,Fashion,2025-09-08,0.7,0.5,0.5,0.0,1.1,2.7,0,5.4,0,Live
M100715,Electronics,2025-03-17,1.9,2.3,2.6,0.0,1.3,6.0,0,14.2,1,Live
M100716,Home & Kitchen,2025-08-14,1.6,0.6,0.9,0.0,1.5,2.1,0,6.7,0,Live
M100717,Home & Kitchen,2025-08-15,1.0,0.2,1.5,0.0,1.2,2.0,0,6.0,0,Live
M100718,Fashion,2025-10-20,0.5,1.6,1.5,2.3,2.8,1.5,2,10.3,0,Live
M100719,Electronics,2025-04-09,0.8,1.8,0.5,0.0,1.4,1.5,0,6.0,0,Live
M100720,Toys,2025-10-19,1.3,2.3,1.2,0.0,2.5,1.1,0,8.3,0,Live
M100721,Toys,2025-01-17,1.3,3.0,1.8,0.0,1.3,3.2,0,10.6,0,Live
M100722,Electronics,2025-04-03,1.3,1.2,1.5,0.0,2.6,6.2,0,12.8,0,Live
M100723,Fashion,2025-04-26,1.0,1.1,0.4,0.0,4.0,3.2,0,9.7,0,Live
M100724,Electronics,2025-05-10,2.0,2.7,0.6,0.0,1.7,2.9,0,9.9,0,Live
M100725,Fashion,2025-06-09,2.5,1.7,0.8,0.0,1.1,2.6,0,8.7,0,Live
M100726,Fashion,2025-08-08,0.6,1.5,0.7,0.0,4.8,6.8,0,14.4,1,Live
M100727,Toys,2025-10-12,1.3,1.3,0.4,0.0,1.0,1.2,0,5.2,0,Live
M100728,Grocery,2025-05-10,0.9,1.2,2.8,0.0,6.0,2.6,0,13.5,0,Live
M100729,Electronics,2025-03-01,1.6,2.0,1.5,0.0,0.5,3.2,0,8.8,0,Live
M100730,Home & Kitchen,2025-01-26,0.8,1.1,0.2,0.0,0.8,2.2,0,5.1,0,Live
M100731,Beauty,2025-10-17,1.1,1.3,1.9,0.0,2.6,4.1,0,10.9,0,Live
M100732,Beauty,2025-03-26,1.0,0.8,1.5,0.0,3.3,3.0,0,9.6,0,Live
M100733,Beauty,2025-02-14,1.8,2.2,1.0,0.0,2.5,6.0,0,13.5,0,Live
M100734,Beauty,2025-07-29,0.9,1.2,0.7,0.0,0.3,0.4,0,3.5,0,Live
M100735,Home & Kitchen,2025-04-16,0.9,1.3,1.1,0.0,1.0,2.1,0,6.5,0,Live
M100736,Fashion,2025-08-09,2.1,1.2,1.0,0.0,0.4,2.9,0,7.6,0,Live
M100737,Beauty,2025-05-23,1.2,1.3,0.9,0.0,1.7,1.5,0,6.6,0,Live
M100738,Home & Kitchen,2025-10-12,0.9,2.0,0.8,0.0,0.6,1.4,0,5.7,0,Live
M100739,Fashion,2025-11-13,1.0,2.0,0.6,1.1,1.5,3.6,1,9.8,0,Live
M100740,Fashion,2025-05-10,1.1,3.5,1.0,0.0,2.8,2.8,0,11.3,0,Live
M100741,Home & Kitchen,2025-05-04,3.1,1.0,1.7,0.0,1.7,2.7,0,10.1,0,Live
M100742,Electronics,2025-10-11,0.7,4.1,1.4,2.0,0.7,2.4,1,11.3,0,Live
M100743,Beauty,2025-04-21,0.6,1.8,1.2,0.0,1.4,1.5,0,6.6,0,Live
M100744,Fashion,2025-04-18,2.4,0.2,1.2,0.0,0.5,2.5,0,6.7,0,Live
M100745,Home & Kitchen,2025-01-12,0.5,1.0,0.8,0.0,2.5,1.0,0,5.7,0,Live
M100746,Home & Kitchen,2025-02-03,0.8,0.8,0.9,0.0,1.5,5.7,0,9.7,0,Live
M100747,Fashion,2025-03-19,1.1,2.5,0.8,0.0,2.6,4.0,0,11.0,0,Live
M100748,Fashion,2025-03-27,0.8,2.1,1.1,0.0,2.5,2.6,0,9.1,0,Live
M100749,Electronics,2025-07-30,1.8,1.4,0.8,0.0,1.9,1.7,0,7.6,0,Live
M100750,Electronics,2025-11-21,0.6,2.1,0.7,0.0,1.5,3.6,0,8.4,0,Live
M100751,Fashion,2025-08-27,0.5,0.9,1.3,0.0,0.6,2.0,0,5.3,0,Live
M100752,Fashion,2025-07-30,0.4,0.7,0.9,0.0,1.7,2.1,0,5.8,0,Live
M100753,Home & Kitchen,2025-05-22,1.6,0.6,0.4,0.0,2.1,0.6,0,5.3,0,Live
M100754,Fashion,2025-04-14,1.1,1.5,0.7,0.0,0.6,0.5,0,4.4,0,Live
M100755,Home & Kitchen,2025-11-05,0.4,4.1,0.9,0.0,1.2,5.4,0,12.0,0,Live
M100756,Electronics,2025-09-22,3.4,2.5,1.7,0.0,1.6,1.6,0,10.8,0,Live
M100757,Electronics,2025-01-12,1.5,2.7,2.1,0.0,1.0,1.0,0,8.3,0,Live
M100758,Fashion,2025-11-01,0.2,1.4,2.2,0.0,1.8,2.0,0,7.7,0,Live
M100759,Beauty,2025-07-30,1.4,1.4,1.1,0.0,2.0,2.3,0,8.2,0,Live
M100760,Fashion,2025-06-14,0.8,2.7,3.6,0.0,1.0,4.1,0,12.2,0,Live
M100761,Toys,2025-05-06,1.5,3.3,0.8,0.0,1.5,2.1,0,9.1,0,Live
M100762,Home & Kitchen,2025-04-21,0.7,1.7,0.6,0.0,4.2,1.2,0,8.5,0,Live
M100763,Toys,2025-06-18,1.2,3.2,0.5,0.0,2.7,3.1,0,10.7,0,Live
M100764,Home & Kitchen,2025-06-26,1.1,1.0,0.4,0.0,1.9,1.8,0,6.2,0,Live
M100765,Electronics,2025-04-18,1.2,4.0,1.2,0.0,3.7,1.4,0,11.5,0,Live
M100766,Electronics,2025-06-11,0.9,2.0,1.8,0.0,0.8,1.8,0,7.4,0,Live
M100767,Toys,2025-02-14,1.6,1.8,1.0,0.0,3.4,3.3,0,11.2,0,Live
M100768,Home & Kitchen,2025-02-20,0.3,0.7,1.4,0.0,3.1,1.3,0,6.9,0,Live
M100769,Electronics,2025-02-19,1.7,0.9,1.0,0.0,2.2,2.8,0,8.7,0,Live
M100770,Fashion,2025-03-14,0.7,1.4,0.6,0.0,0.6,1.0,0,4.3,0,Live
M100771,Fashion,2025-02-01,0.8,2.8,1.1,1.5,1.1,1.8,3,9.0,0,Live
M100772,Electronics,2025-10-05,0.7,1.5,2.9,0.0,2.5,1.0,0,8.6,0,Live
M100773,Electronics,2025-07-07,0.2,1.2,2.2,0.0,0.6,1.0,0,5.2,0,Live
M100774,Beauty,2025-04-23,0.8,1.3,1.1,0.0,1.0,1.6,0,5.8,0,Live
M100775,Fashion,2025-11-21,1.3,1.3,0.8,0.0,2.6,2.0,0,8.0,0,Live
M100776,Electronics,2025-02-03,1.0,1.6,2.8,0.0,0.2,1.6,0,7.3,0,Live
M100777,Fashion,2025-02-13,1.0,0.7,0.7,0.0,2.2,3.3,0,7.9,0,Live
M100778,Fashion,2025-03-26,0.8,0.6,0.6,0.0,1.5,3.7,0,7.0,0,Live
M100779,Electronics,2025-10-17,1.3,4.5,0.9,0.0,3.1,4.3,0,14.1,1,Live
M100780,Grocery,2025-02-13,0.5,1.0,2.1,0.0,0.2,5.0,0,8.9,0,Live
M100781,Fashion,2025-08-08,1.0,3.5,1.2,0.0,1.0,1.5,0,8.3,0,Live
M100782,Fashion,2025-10-01,0.9,2.6,1.7,0.0,1.2,1.7,0,8.1,0,Live
M100783,Beauty,2025-04-04,0.9,0.5,1.0,0.0,3.8,2.4,0,8.7,0,Live
M100784,Home & Kitchen,2025-11-06,2.2,3.1,1.2,2.9,1.3,0.4,2,11.1,0,Live
M100785,Fashion,2025-02-19,2.5,0.7,1.5,0.0,1.9,1.3,0,7.9,0,Live
M100786,Beauty,2025-06-20,1.3,1.9,0.4,0.0,1.6,2.1,0,7.4,0,Live
M100787,Toys,2025-03-03,1.3,1.2,1.1,0.0,0.9,7.7,0,12.2,0,Live
M100788,Beauty,2025-11-15,0.6,1.5,0.4,0.0,1.2,1.4,0,5.1,0,Live
M100789,Toys,2025-11-17,1.6,0.8,1.5,0.0,1.2,1.0,0,6.1,0,Live
M100790,Beauty,2025-02-10,0.5,1.5,0.9,0.0,1.1,3.9,0,7.8,0,Live
M100791,Electronics,2025-07-12,2.2,0.9,0.8,0.0,0.5,0.8,0,5.2,0,Live
M100792,Beauty,2025-08-02,1.7,0.6,2.7,0.0,1.6,1.4,0,8.0,0,Live
M100793,Home & Kitchen,2025-11-23,1.3,1.0,0.3,5.8,2.1,1.4,3,11.9,0,Live
M100794,Fashion,2025-05-09,0.5,0.7,0.9,0.0,1.4,2.6,0,6.0,0,Live
M100795,Electronics,2025-03-27,1.2,0.4,2.5,6.2,1.2,1.1,3,12.6,0,Live
M100796,Toys,2025-02-06,0.8,0.3,2.9,0.0,2.2,3.0,0,9.3,0,Live
M100797,Home & Kitchen,2025-02-13,0.6,0.6,0.6,0.0,2.9,0.2,0,4.9,0,Live
M100798,Electronics,2025-01-09,1.5,2.5,1.2,0.0,1.8,1.3,0,8.3,0,Live
M100799,Beauty,2025-06-30,1.1,3.3,1.5,0.0,1.6,1.0,0,8.5,0,Live
M100800,Beauty,2025-09-01,1.5,0.3,1.0,0.0,1.8,2.8,0,7.4,0,Live
M100801,Fashion,2025-01-29,0.4,1.2,0.8,0.0,0.4,3.0,0,5.7,0,Live
M100802,Electronics,2025-11-09,1.0,0.6,1.8,0.0,1.1,3.6,0,8.0,0,Live
M100803,Beauty,2025-06-04,1.7,1.0,1.7,0.0,3.0,1.9,0,9.3,0,Live
M100804,Fashion,2025-03-24,1.0,1.4,0.7,0.0,3.7,1.4,0,8.3,0,Live
M100805,Home & Kitchen,2025-06-20,1.0,2.3,2.0,0.0,2.6,2.4,0,10.3,0,Live
M100806,Fashion,2025-05-21,2.2,2.8,0.7,0.0,0.5,1.9,0,8.2,0,Live
M100807,Fashion,2025-11-10,1.3,1.6,0.3,0.0,1.4,2.6,0,7.2,0,Live
M100808,Beauty,2025-08-05,1.0,1.9,0.5,0.9,1.1,2.4,2,7.9,0,Live
M100809,Electronics,2025-08-21,0.6,3.1,2.5,0.0,1.0,1.2,0,8.4,0,Live
M100810,Grocery,2025-05-30,2.4,1.2,0.7,0.0,1.4,1.6,0,7.3,0,Live
M100811,Beauty,2025-01-03,0.3,0.9,0.1,0.0,1.6,4.5,0,7.5,0,Live
M100812,Home & Kitchen,2025-04-22,2.2,2.8,1.1,0.0,1.5,3.1,0,10.7,0,Live
M100813,Fashion,2025-01-13,1.9,1.5,1.2,4.4,1.4,1.6,2,12.1,0,Live
M100814,Electronics,2025-08-09,0.9,0.5,1.2,0.0,2.7,2.0,0,7.3,0,Live
M100815,Grocery,2025-01-03,0.9,2.2,0.8,0.0,0.4,7.0,0,11.2,0,Live
M100816,Home & Kitchen,2025-04-19,0.5,3.5,1.9,0.0,1.9,2.2,0,9.9,0,Live
M100817,Fashion,2025-06-30,0.8,2.8,0.5,0.0,1.9,1.4,0,7.4,0,Live
M100818,Home & Kitchen,2025-10-31,1.8,2.3,0.8,0.0,2.4,1.4,0,8.8,0,Live
M100819,Electronics,2025-07-09,0.3,0.7,1.9,0.0,1.5,1.1,0,5.4,0,Live
M100820,Electronics,2025-06-26,0.4,1.7,1.0,0.0,2.4,1.8,0,7.3,0,Live
M100821,Electronics,2025-07-05,0.9,1.9,1.1,0.0,1.9,1.2,0,6.9,0,Live
M100822,Beauty,2025-08-14,0.8,1.7,0.4,0.0,1.5,2.3,0,6.7,0,Live
M100823,Home & Kitchen,2025-10-18,2.5,0.4,1.7,0.0,2.4,3.7,0,10.7,0,Live
M100824,Grocery,2025-09-06,0.6,2.1,0.7,0.0,1.2,2.1,0,6.6,0,Live
M100825,Toys,2025-03-10,1.0,1.9,1.5,4.1,1.7,1.3,2,11.5,0,Live
M100826,Grocery,2025-09-09,0.6,1.2,0.1,0.0,0.8,5.1,0,7.8,0,Live
M100827,Beauty,2025-06-25,1.5,3.3,1.0,1.9,0.8,0.5,2,8.9,0,Live
M100828,Fashion,2025-07-24,1.3,1.5,1.4,3.0,2.8,1.0,2,11.0,0,Live
M100829,Fashion,2025-10-13,0.3,0.4,1.2,0.0,1.2,0.9,0,4.0,0,Live
M100830,Fashion,2025-07-23,0.7,2.8,0.5,0.0,0.3,1.5,0,5.7,0,Live
M100831,Home & Kitchen,2025-08-19,1.6,1.5,1.1,0.0,2.1,1.0,0,7.3,0,Live
M100832,Electronics,2025-06-04,0.9,1.5,1.4,4.8,2.2,3.2,2,14.1,1,Live
M100833,Fashion,2025-05-02,1.0,0.6,1.1,0.0,0.3,1.1,0,4.0,0,Live
M100834,Toys,2025-04-05,0.6,1.0,2.3,0.0,1.6,1.0,0,6.5,0,Live
M100835,Electronics,2025-01-22,0.2,2.2,1.1,0.0,2.2,2.6,0,8.1,0,Live
M100836,Fashion,2025-07-13,1.1,0.5,0.1,0.0,2.0,3.1,0,6.9,0,Live
M100837,Home & Kitchen,2025-01-28,0.8,2.5,0.2,0.0,1.4,1.9,0,6.8,0,Live
M100838,Toys,2025-01-13,0.5,0.9,2.0,0.0,1.2,5.9,0,10.5,0,Live
M100839,Beauty,2025-11-14,3.4,2.1,0.4,0.0,0.4,0.4,0,6.8,0,Live
M100840,Toys,2025-08-29,0.3,2.7,1.4,0.0,3.2,2.5,0,10.1,0,Live
M100841,Fashion,2025-02-14,0.6,0.9,0.5,0.0,1.0,5.2,0,8.2,0,Live
M100842,Beauty,2025-07-24,0.3,2.9,1.3,0.0,2.1,1.8,0,8.4,0,Live
M100843,Electronics,2025-01-13,0.8,0.7,0.3,0.0,1.0,1.7,0,4.5,0,Live
M100844,Electronics,2025-02-03,0.2,0.9,2.0,0.0,1.2,1.6,0,5.9,0,Live
M100845,Electronics,2025-09-18,0.7,2.4,1.1,0.0,2.7,1.2,0,8.2,0,Live
M100846,Electronics,2025-02-23,0.4,1.8,1.1,0.0,1.4,3.6,0,8.4,0,Live
M100847,Beauty,2025-07-03,1.7,0.4,0.4,0.0,0.5,2.7,0,5.7,0,Live
M100848,Electronics,2025-01-26,0.7,0.6,1.0,0.0,3.1,6.4,0,11.8,0,Live
M100849,Electronics,2025-05-29,0.6,1.9,1.1,0.0,3.1,1.2,0,7.9,0,Live
M100850,Electronics,2025-01-17,2.3,5.0,0.8,0.0,3.2,1.8,0,13.1,0,Live
M100851,Home & Kitchen,2025-08-04,1.5,1.1,0.4,0.0,2.3,2.4,0,7.7,0,Live
M100852,Home & Kitchen,2025-05-04,2.2,2.6,0.6,0.0,1.4,3.5,0,10.3,0,Live
M100853,Fashion,2025-03-21,1.5,1.4,0.4,0.0,2.0,0.4,0,5.6,0,Live
M100854,Grocery,2025-05-22,0.5,1.8,1.5,0.0,0.9,2.4,0,7.1,0,Live
M100855,Home & Kitchen,2025-05-04,2.4,0.3,0.6,0.0,2.0,3.6,0,8.9,0,Live
M100856,Fashion,2025-02-24,2.4,0.8,0.3,0.0,1.7,2.4,0,7.6,0,Live
M100857,Electronics,2025-04-02,0.5,0.8,2.5,0.0,0.9,1.3,0,6.0,0,Live
M100858,Grocery,2025-08-11,0.6,1.9,0.7,0.0,0.9,4.4,0,8.4,0,Live
M100859,Grocery,2025-02-22,1.6,0.6,2.2,0.0,1.6,2.8,0,8.8,0,Live
M100860,Electronics,2025-07-12,0.4,0.4,1.5,0.0,1.5,0.5,0,4.3,0,Live
M100861,Fashion,2025-08-15,1.1,0.9,0.4,0.0,0.9,4.0,0,7.3,0,Live
M100862,Toys,2025-01-07,0.5,2.5,0.8,0.0,0.8,1.5,0,6.1,0,Live
M100863,Beauty,2025-05-06,0.9,3.0,0.2,0.0,0.8,2.6,0,7.5,0,Live
M100864,Home & Kitchen,2025-08-12,1.2,0.4,0.7,0.0,2.2,2.6,0,7.0,0,Live
M100865,Electronics,2025-05-09,1.1,2.0,0.7,0.0,2.1,1.2,0,7.1,0,Live
M100866,Grocery,2025-11-02,0.6,1.4,1.3,0.0,4.4,4.8,0,12.5,0,Live
M100867,Fashion,2025-07-10,0.7,1.1,1.7,0.0,0.4,2.3,0,6.2,0,Live
M100868,Grocery,2025-06-10,0.6,6.0,1.3,0.0,1.5,1.6,0,11.1,0,Live
M100869,Beauty,2025-08-03,1.7,1.8,0.7,0.0,0.7,2.3,0,7.2,0,Live
M100870,Home & Kitchen,2025-05-13,1.6,0.8,1.3,0.0,1.7,1.2,0,6.7,0,Live
M100871,Electronics,2025-09-14,1.4,2.4,1.0,0.0,2.0,3.1,0,9.9,0,Live
M100872,Beauty,2025-03-02,1.1,1.3,1.3,0.0,1.3,1.5,0,6.6,0,Live
M100873,Electronics,2025-08-17,0.7,1.3,1.1,0.6,1.6,0.3,2,5.6,0,Live
M100874,Electronics,2025-01-18,0.5,3.1,1.1,0.0,1.9,2.4,0,8.9,0,Live
M100875,Fashion,2025-04-06,0.8,0.9,0.3,0.0,4.3,1.6,0,7.9,0,Live
M100876,Beauty,2025-04-02,0.5,2.1,0.6,0.0,2.3,3.1,0,8.6,0,Live
M100877,Fashion,2025-01-26,1.5,1.0,1.0,0.0,2.2,4.3,0,10.0,0,Live
M100878,Electronics,2025-11-24,1.0,2.4,1.1,0.0,1.0,3.3,0,8.9,0,Live
M100879,Electronics,2025-07-19,1.1,8.3,1.4,0.0,1.6,1.7,0,14.1,1,Live
M100880,Toys,2025-02-13,1.2,0.7,1.3,0.0,1.8,1.0,0,6.0,0,Live
M100881,Fashion,2025-03-07,2.0,0.3,0.5,0.0,1.3,1.3,0,5.4,0,Live
M100882,Home & Kitchen,2025-01-18,3.3,0.6,1.2,0.0,1.5,2.2,0,8.8,0,Live
M100883,Fashion,2025-05-12,0.6,2.3,0.3,0.0,2.8,4.0,0,10.0,0,Live
M100884,Toys,2025-03-27,0.9,1.1,1.3,0.0,1.4,0.2,0,5.1,0,Live
M100885,Fashion,2025-10-16,1.2,0.9,0.8,0.0,0.7,1.4,0,4.9,0,Live
M100886,Grocery,2025-01-24,0.7,2.6,0.6,0.0,2.9,3.0,0,9.8,0,Live
M100887,Home & Kitchen,2025-01-19,0.6,1.2,1.6,0.0,3.5,2.8,0,9.7,0,Live
M100888,Fashion,2025-07-03,2.0,2.0,2.4,0.0,1.4,5.2,0,13.0,0,Live
M100889,Electronics,2025-05-01,1.1,0.8,1.8,0.0,0.7,2.0,0,6.4,0,Live
M100890,Fashion,2025-09-08,0.4,2.6,0.3,0.0,2.2,3.4,0,9.0,0,Live
M100891,Electronics,2025-03-11,0.6,3.9,1.2,0.0,1.8,4.0,0,11.6,0,Live
M100892,Grocery,2025-01-23,0.8,2.7,0.3,0.0,1.1,0.8,0,5.6,0,Live
M100893,Electronics,2025-06-12,1.8,1.2,2.3,11.4,1.0,1.7,3,19.4,1,Live
M100894,Toys,2025-09-01,0.9,0.7,2.7,0.0,1.5,2.3,0,8.1,0,Live
M100895,Grocery,2025-06-22,0.9,3.0,0.3,0.0,2.7,3.3,0,10.2,0,Live
M100896,Fashion,2025-04-08,1.0,1.5,2.4,0.0,1.7,5.4,0,12.0,0,Live
M100897,Fashion,2025-03-25,2.1,0.9,2.0,3.7,1.0,1.4,2,11.2,0,Live
M100898,Beauty,2025-05-19,2.5,1.2,0.7,0.0,1.2,3.2,0,8.7,0,Live
M100899,Electronics,2025-11-06,1.1,0.9,1.4,0.0,3.2,3.6,0,10.1,0,Live
M100900,Fashion,2025-09-13,1.8,1.0,0.7,0.0,0.6,2.6,0,6.5,0,Live
M100901,Toys,2025-07-06,2.6,0.1,0.3,0.0,2.1,4.1,0,9.2,0,Live
M100902,Home & Kitchen,2025-11-20,1.7,2.0,0.5,0.0,2.4,1.3,0,7.9,0,Live
M100903,Fashion,2025-02-12,0.4,1.7,1.0,0.0,1.4,1.9,0,6.3,0,Live
M100904,Home & Kitchen,2025-03-27,0.3,1.2,0.6,0.0,0.7,1.6,0,4.4,0,Live
M100905,Home & Kitchen,2025-09-18,1.5,1.4,1.1,0.0,1.0,0.5,0,5.5,0,Live
M100906,Beauty,2025-03-25,0.7,1.2,1.2,0.0,0.5,1.0,0,4.6,0,Live
M100907,Electronics,2025-08-09,1.3,4.0,1.4,0.0,0.8,1.4,0,8.9,0,Live
M100908,Home & Kitchen,2025-06-11,1.1,1.5,2.2,0.0,1.2,0.8,0,6.8,0,Live
M100909,Fashion,2025-05-08,1.3,1.0,1.4,0.0,1.8,4.7,0,10.1,0,Live
M100910,Grocery,2025-03-07,0.7,1.7,1.0,0.0,1.1,1.5,0,6.0,0,Live
M100911,Grocery,2025-09-11,0.5,0.6,2.3,0.0,1.4,2.6,0,7.3,0,Live
M100912,Fashion,2025-01-26,2.2,1.2,1.3,0.0,0.5,3.9,0,9.1,0,Live
M100913,Beauty,2025-09-08,2.5,1.7,1.2,0.0,2.3,7.9,0,15.6,1,Live
M100914,Toys,2025-01-20,0.7,2.5,0.9,6.5,3.4,6.3,2,20.4,1,Live
M100915,Grocery,2025-04-23,0.8,1.0,2.2,0.0,1.6,2.6,0,8.2,0,Live
M100916,Beauty,2025-06-25,1.5,2.4,1.8,0.0,2.4,3.1,0,11.2,0,Live
M100917,Fashion,2025-10-27,0.7,1.7,0.6,1.5,0.1,1.1,1,5.7,0,Live
M100918,Toys,2025-06-13,0.8,2.4,1.0,0.0,1.5,1.1,0,6.8,0,Live
M100919,Electronics,2025-08-02,1.0,1.8,0.4,0.0,2.9,5.3,0,11.4,0,Live
M100920,Grocery,2025-04-12,1.2,0.7,0.3,0.0,1.6,1.3,0,5.0,0,Live
M100921,Beauty,2025-01-19,1.2,1.1,1.2,0.0,2.7,1.2,0,7.4,0,Live
M100922,Home & Kitchen,2025-03-01,0.4,3.2,1.6,0.0,1.6,0.3,0,7.1,0,Live
M100923,Toys,2025-03-02,2.0,2.3,2.3,0.0,3.4,3.4,0,13.5,0,Live
M100924,Toys,2025-06-25,0.4,2.4,0.9,0.0,2.0,1.3,0,6.9,0,Live
M100925,Electronics,2025-01-07,0.9,1.1,1.2,0.0,1.5,2.6,0,7.4,0,Live
M100926,Electronics,2025-01-16,1.7,3.3,0.9,0.0,2.3,1.1,0,9.3,0,Live
M100927,Grocery,2025-07-30,0.7,1.7,0.9,0.0,1.9,3.3,0,8.3,0,Live
M100928,Electronics,2025-01-12,0.9,0.4,0.3,4.0,0.9,1.5,1,7.9,0,Live
M100929,Grocery,2025-02-07,1.3,2.9,2.9,0.0,2.7,2.4,0,12.2,0,Live
M100930,Fashion,2025-02-21,0.7,0.8,0.6,0.0,4.9,0.6,0,7.6,0,Live
M100931,Fashion,2025-06-02,1.7,2.4,0.7,0.0,2.3,3.2,0,10.2,0,Live
M100932,Electronics,2025-06-23,0.5,0.8,2.1,0.0,2.6,3.3,0,9.3,0,Live
M100933,Electronics,2025-06-12,3.2,3.9,1.2,0.0,3.4,5.8,0,17.6,1,Live
M100934,Electronics,2025-05-07,0.8,1.7,1.3,0.0,0.3,2.4,0,6.5,0,Live
M100935,Fashion,2025-01-20,0.6,0.5,1.8,0.0,3.6,0.8,0,7.3,0,Live
M100936,Fashion,2025-07-02,0.8,2.3,0.7,0.0,0.7,2.2,0,6.8,0,Live
M100937,Electronics,2025-11-24,2.2,1.9,2.5,0.0,0.8,4.2,0,11.6,0,Live
M100938,Fashion,2025-08-07,0.3,2.2,0.5,0.0,0.7,3.8,0,7.4,0,Live
M100939,Electronics,2025-11-06,0.9,1.9,1.2,0.0,0.3,2.3,0,6.6,0,Live
M100940,Electronics,2025-07-13,1.9,1.9,1.4,0.0,2.8,2.8,0,10.8,0,Live
M100941,Toys,2025-11-24,1.0,1.0,1.6,0.0,2.5,1.5,0,7.6,0,Live
M100942,Electronics,2025-04-19,1.7,2.7,0.4,0.0,3.0,1.8,0,9.5,0,Live
M100943,Home & Kitchen,2025-04-26,1.7,1.8,0.8,0.0,1.0,5.0,0,10.3,0,Live
M100944,Toys,2025-01-14,1.5,2.2,0.8,0.0,1.5,2.9,0,8.9,0,Live
M100945,Electronics,2025-04-05,1.5,1.4,1.2,0.0,0.8,1.4,0,6.2,0,Live
M100946,Fashion,2025-06-03,1.7,3.9,1.1,0.0,1.8,2.7,0,11.2,0,Live
M100947,Home & Kitchen,2025-02-15,1.8,0.8,2.5,0.0,1.5,2.7,0,9.3,0,Live
M100948,Grocery,2025-02-09,1.9,1.3,1.8,0.0,1.5,0.7,0,7.2,0,Live
M100949,Electronics,2025-11-26,3.3,1.1,1.6,0.0,3.7,3.0,0,12.6,0,Live
M100950,Beauty,2025-06-03,1.0,0.5,1.2,0.0,0.3,4.0,0,7.0,0,Live
M100951,Electronics,2025-09-13,1.3,1.1,1.5,5.7,2.9,3.9,2,16.4,1,Live
M100952,Home & Kitchen,2025-07-28,1.0,1.3,0.9,0.0,2.0,1.0,0,6.1,0,Live
M100953,Home & Kitchen,2025-02-13,1.9,1.8,0.5,0.0,1.6,4.7,0,10.5,0,Live
M100954,Electronics,2025-03-08,2.6,1.8,1.7,2.4,0.8,2.9,3,12.2,0,Live
M100955,Fashion,2025-01-02,1.5,0.9,0.6,0.0,3.4,2.0,0,8.5,0,Live
M100956,Fashion,2025-07-30,1.6,0.5,0.7,0.0,0.9,1.3,0,5.0,0,Live
M100957,Fashion,2025-09-30,0.3,0.1,1.0,0.0,0.4,3.2,0,5.0,0,Live
M100958,Grocery,2025-11-14,0.9,0.3,0.5,0.0,1.3,3.3,0,6.3,0,Live
M100959,Home & Kitchen,2025-03-30,1.2,1.1,1.4,0.0,2.1,1.4,0,7.1,0,Live
M100960,Toys,2025-10-06,0.6,1.5,1.7,0.0,0.4,1.8,0,6.0,0,Live
M100961,Electronics,2025-05-01,1.0,2.1,2.3,0.0,5.1,2.0,0,12.4,0,Live
M100962,Home & Kitchen,2025-06-08,0.4,2.4,0.8,0.0,0.2,3.4,0,7.3,0,Live
M100963,Home & Kitchen,2025-09-14,0.6,0.7,1.8,0.0,0.4,2.3,0,5.7,0,Live
M100964,Fashion,2025-04-01,2.6,0.5,0.3,0.0,1.3,2.8,0,7.4,0,Live
M100965,Home & Kitchen,2025-09-22,1.8,1.8,2.5,0.0,0.7,1.9,0,8.6,0,Live
M100966,Home & Kitchen,2025-04-23,1.8,2.2,1.0,2.2,1.1,2.1,2,10.3,0,Live
M100967,Electronics,2025-06-25,0.7,3.1,0.4,0.0,2.1,1.7,0,8.0,0,Live
M100968,Electronics,2025-04-18,0.8,2.4,1.7,0.0,2.1,2.3,0,9.3,0,Live
M100969,Fashion,2025-10-11,1.3,1.3,0.3,0.0,1.2,2.0,0,6.1,0,Live
M100970,Fashion,2025-03-17,0.8,3.6,1.1,0.0,0.9,2.0,0,8.4,0,Live
M100971,Home & Kitchen,2025-06-03,1.4,0.7,0.8,0.0,1.8,1.2,0,5.9,0,Live
M100972,Fashion,2025-07-14,2.2,1.7,0.6,0.0,0.5,1.3,0,6.3,0,Live
M100973,Fashion,2025-05-21,0.5,3.8,0.7,0.0,0.6,1.2,0,6.7,0,Live
M100974,Toys,2025-03-27,0.6,1.6,0.9,13.3,0.3,2.1,3,18.8,1,Live
M100975,Grocery,2025-07-23,1.1,2.8,0.5,0.0,0.9,1.2,0,6.5,0,Live
M100976,Electronics,2025-09-24,0.6,1.5,0.7,0.0,2.0,0.5,0,5.3,0,Live
M100977,Electronics,2025-06-23,0.9,1.0,0.8,0.0,2.0,2.5,0,7.1,0,Live
M100978,Fashion,2025-05-09,0.7,1.4,1.9,0.0,1.0,1.5,0,6.6,0,Live
M100979,Toys,2025-03-30,2.3,1.8,1.8,0.0,2.5,2.2,0,10.6,0,Live
M100980,Electronics,2025-03-15,1.1,0.6,2.7,2.5,2.2,3.9,1,13.1,0,Live
M100981,Grocery,2025-09-03,1.4,3.0,0.6,0.0,1.0,0.4,0,6.5,0,Live
M100982,Beauty,2025-09-21,1.5,2.9,0.3,0.0,1.7,5.0,0,11.3,0,Live
M100983,Fashion,2025-08-11,0.8,2.5,1.6,0.0,1.2,3.1,0,9.2,0,Live
M100984,Fashion,2025-01-21,0.8,1.9,0.7,0.0,1.1,2.8,0,7.3,0,Live
M100985,Electronics,2025-02-22,1.4,3.6,1.0,0.0,2.6,3.6,0,12.1,0,Live
M100986,Fashion,2025-03-17,1.7,2.2,1.4,0.0,2.1,1.3,0,8.8,0,Live
M100987,Grocery,2025-07-07,0.6,4.0,0.8,2.7,2.1,1.0,3,11.2,0,Live
M100988,Toys,2025-06-09,1.7,1.0,0.8,0.0,2.5,2.5,0,8.5,0,Live
M100989,Home & Kitchen,2025-06-20,2.4,1.8,0.9,0.0,0.9,0.8,0,6.7,0,Live
M100990,Electronics,2025-09-05,1.0,1.0,1.6,0.0,3.3,2.0,0,8.9,0,Live
M100991,Fashion,2025-07-02,0.7,0.8,1.0,0.0,2.5,1.5,0,6.5,0,Live
M100992,Fashion,2025-07-15,1.4,1.0,0.9,0.0,1.8,1.3,0,6.4,0,Live
M100993,Home & Kitchen,2025-07-04,1.5,0.9,0.7,0.0,1.5,0.8,0,5.4,0,Live
M100994,Fashion,2025-10-27,2.2,0.9,0.3,0.0,0.9,3.5,0,8.0,0,Live
M100995,Fashion,2025-08-16,1.7,1.4,0.5,0.0,1.4,2.8,0,7.8,0,Live
M100996,Beauty,2025-10-02,0.6,3.3,2.1,0.0,1.6,0.3,0,7.9,0,Live
M100997,Grocery,2025-05-28,0.9,8.8,1.3,0.0,1.5,2.6,0,15.1,1,Live
M100998,Home & Kitchen,2025-03-30,0.7,0.5,2.1,0.0,0.3,2.3,0,5.9,0,Live
M100999,Toys,2025-06-21,2.1,0.7,1.8,0.0,1.6,5.6,0,11.9,0,Live
M101000,Beauty,2025-09-23,1.2,0.8,2.1,0.0,2.6,2.9,0,9.5,0,Live
M101001,Electronics,2025-10-23,1.6,1.7,0.7,0.0,2.0,3.8,0,9.9,0,Live
M101002,Electronics,2025-01-10,1.5,1.9,1.6,0.0,1.1,1.0,0,7.2,0,Live
M101003,Fashion,2025-01-19,1.4,0.3,1.3,0.0,2.0,1.4,0,6.4,0,Live
M101004,Beauty,2025-05-19,2.1,1.5,0.6,0.0,1.5,6.9,0,12.6,0,Live
M101005,Home & Kitchen,2025-09-03,1.8,2.7,0.9,0.0,0.7,2.0,0,8.1,0,Live
M101006,Grocery,2025-11-05,1.3,1.0,2.1,0.0,1.3,1.2,0,6.9,0,Live
M101007,Electronics,2025-01-19,0.7,1.9,2.5,1.3,1.1,1.4,1,8.9,0,Live
M101008,Grocery,2025-02-05,0.5,1.0,1.3,1.0,3.4,2.9,1,10.1,0,Live
M101009,Beauty,2025-01-07,0.6,0.8,0.5,0.0,0.5,1.4,0,3.8,0,Live
M101010,Home & Kitchen,2025-06-18,1.1,0.6,1.8,0.0,1.9,4.2,0,9.7,0,Live
M101011,Beauty,2025-10-16,0.4,0.6,1.9,0.0,1.2,2.0,0,6.1,0,Live
M101012,Beauty,2025-08-15,1.7,0.3,1.2,3.7,1.8,1.5,2,10.3,0,Live
M101013,Fashion,2025-02-08,1.1,2.4,1.1,0.0,1.3,3.0,0,8.9,0,Live
M101014,Beauty,2025-11-20,1.5,1.6,1.1,0.0,1.6,6.7,0,12.4,0,Live
M101015,Fashion,2025-01-24,2.9,1.9,1.1,0.0,1.3,0.7,0,7.9,0,Live
M101016,Home & Kitchen,2025-06-26,1.1,1.2,1.3,0.0,1.0,1.9,0,6.4,0,Live
M101017,Electronics,2025-09-26,1.8,3.4,2.0,0.0,1.2,5.3,0,13.6,0,Live
M101018,Beauty,2025-06-26,1.4,1.0,1.4,0.0,0.7,1.5,0,6.0,0,Live
M101019,Fashion,2025-04-19,1.0,2.1,0.7,0.0,0.6,1.4,0,5.8,0,Live
M101020,Beauty,2025-02-24,1.2,0.3,1.1,0.0,1.5,4.5,0,8.5,0,Live
M101021,Beauty,2025-05-28,1.1,0.8,2.5,0.0,0.7,1.1,0,6.2,0,Live
M101022,Electronics,2025-08-06,1.0,0.5,2.0,0.7,1.8,2.3,1,8.4,0,Live
M101023,Home & Kitchen,2025-07-13,0.7,1.5,0.3,0.0,1.3,4.1,0,7.9,0,Live
M101024,Electronics,2025-06-28,1.1,0.1,2.2,0.0,5.3,2.3,0,10.9,0,Live
M101025,Beauty,2025-06-15,0.8,0.3,2.4,0.5,2.8,2.3,1,9.1,0,Live
M101026,Grocery,2025-03-03,0.8,1.1,0.8,0.0,2.9,1.1,0,6.7,0,Live
M101027,Home & Kitchen,2025-08-29,1.5,0.9,1.7,0.0,1.0,1.6,0,6.6,0,Live
M101028,Fashion,2025-04-19,1.2,0.7,1.5,0.0,3.3,0.6,0,7.2,0,Live
M101029,Toys,2025-05-23,1.3,2.1,0.7,0.0,2.6,3.8,0,10.5,0,Live
M101030,Home & Kitchen,2025-08-31,0.4,3.2,1.2,0.0,1.3,0.4,0,6.4,0,Live
M101031,Fashion,2025-09-17,0.8,4.7,0.8,0.0,3.5,1.0,0,10.8,0,Live
M101032,Beauty,2025-01-31,1.1,0.9,1.0,0.5,1.5,0.7,1,5.7,0,Live
M101033,Electronics,2025-04-19,1.4,0.1,2.6,0.0,0.9,4.4,0,9.4,0,Live
M101034,Fashion,2025-05-24,0.7,0.7,1.2,0.0,1.4,4.3,0,8.3,0,Live
M101035,Electronics,2025-02-09,1.1,1.1,1.3,0.0,1.1,4.0,0,8.5,0,Live
M101036,Home & Kitchen,2025-04-26,2.7,1.7,0.8,0.0,2.0,2.1,0,9.3,0,Live
M101037,Electronics,2025-09-12,0.8,0.8,0.7,2.2,1.8,1.0,1,7.4,0,Live
M101038,Fashion,2025-09-05,1.8,2.2,0.9,0.0,1.2,2.9,0,9.0,0,Live
M101039,Fashion,2025-11-09,1.0,2.5,2.6,0.0,2.8,1.9,0,10.9,0,Live
M101040,Electronics,2025-11-09,1.6,2.5,1.4,0.0,2.3,0.3,0,8.1,0,Live
M101041,Beauty,2025-10-06,0.6,0.6,0.6,0.0,1.2,6.4,0,9.5,0,Live
M101042,Electronics,2025-10-15,1.7,4.5,0.7,0.0,1.2,1.4,0,9.5,0,Live
M101043,Electronics,2025-01-26,0.5,1.5,0.1,0.0,3.4,1.1,0,6.5,0,Live
M101044,Beauty,2025-02-09,0.7,2.8,0.4,0.0,0.7,1.9,0,6.5,0,Live
M101045,Home & Kitchen,2025-06-03,0.3,1.3,0.4,0.0,2.2,4.8,0,9.0,0,Live
M101046,Toys,2025-05-30,1.1,2.4,0.3,0.0,3.7,2.2,0,9.7,0,Live
M101047,Grocery,2025-08-01,0.5,3.6,1.2,0.0,0.9,2.4,0,8.7,0,Live
M101048,Toys,2025-02-06,2.1,0.5,1.2,24.0,1.2,2.3,3,31.2,1,Stuck
M101049,Home & Kitchen,2025-07-12,4.2,2.4,1.2,0.0,1.4,3.4,0,12.6,0,Live
M101050,Beauty,2025-02-09,0.5,1.4,1.6,0.0,0.9,1.5,0,5.9,0,Live
M101051,Toys,2025-09-29,0.7,0.7,0.4,0.0,2.1,2.5,0,6.3,0,Live
M101052,Fashion,2025-10-30,1.9,1.0,1.5,0.6,3.5,3.1,1,11.6,0,Live
M101053,Electronics,2025-11-23,0.6,1.1,2.4,0.0,0.7,2.1,0,6.9,0,Live
M101054,Beauty,2025-04-12,0.7,6.2,2.1,1.1,1.1,1.6,3,12.7,0,Live
M101055,Fashion,2025-07-28,1.7,0.9,0.6,0.0,0.5,1.8,0,5.5,0,Live
M101056,Fashion,2025-04-21,0.7,0.5,1.1,0.0,2.5,3.7,0,8.4,0,Live
M101057,Home & Kitchen,2025-10-18,1.2,2.1,0.2,0.0,1.3,3.4,0,8.2,0,Live
M101058,Fashion,2025-07-11,0.4,1.7,0.4,0.0,0.5,2.6,0,5.6,0,Live
M101059,Fashion,2025-04-29,2.3,0.9,0.6,0.0,1.2,2.1,0,7.1,0,Live
M101060,Fashion,2025-09-30,1.9,0.4,0.6,0.0,1.8,1.6,0,6.4,0,Live
M101061,Beauty,2025-06-23,1.2,3.6,1.4,0.0,1.6,3.1,0,10.9,0,Live
M101062,Fashion,2025-07-04,1.5,1.1,2.8,0.0,3.0,2.4,0,10.8,0,Live
M101063,Grocery,2025-10-23,1.0,1.1,0.6,0.0,1.7,1.7,0,6.0,0,Live
M101064,Home & Kitchen,2025-07-23,0.5,3.5,2.1,13.1,1.2,2.8,2,23.2,1,Live
M101065,Electronics,2025-03-13,0.5,2.1,1.8,0.0,0.9,1.0,0,6.4,0,Live
M101066,Fashion,2025-03-22,1.7,0.6,0.8,0.0,0.2,1.0,0,4.3,0,Live
M101067,Electronics,2025-07-07,2.4,0.6,2.6,2.2,1.1,1.2,1,10.1,0,Live
M101068,Fashion,2025-09-12,0.4,0.6,0.5,0.0,0.8,2.2,0,4.5,0,Live
M101069,Grocery,2025-07-26,1.8,0.8,1.5,0.0,1.2,6.9,0,12.2,0,Live
M101070,Home & Kitchen,2025-01-03,1.8,2.5,0.1,0.0,2.9,0.6,0,7.9,0,Live
M101071,Fashion,2025-04-10,1.7,2.1,1.3,0.0,3.7,1.4,0,10.2,0,Live
M101072,Toys,2025-02-24,1.2,1.0,0.6,0.0,1.1,1.8,0,5.7,0,Live
M101073,Toys,2025-09-03,2.3,2.4,1.5,0.0,0.6,2.3,0,9.2,0,Live
M101074,Toys,2025-07-21,1.0,2.0,0.4,0.0,2.3,1.5,0,7.1,0,Live
M101075,Fashion,2025-09-06,0.6,0.7,0.2,0.0,0.5,2.6,0,4.5,0,Live
M101076,Home & Kitchen,2025-11-22,1.1,0.7,1.2,0.0,0.8,2.8,0,6.6,0,Live
M101077,Beauty,2025-07-19,0.7,1.0,1.8,0.0,0.6,1.8,0,5.9,0,Live
M101078,Fashion,2025-05-01,2.1,1.3,1.1,0.0,2.8,1.6,0,9.0,0,Live
M101079,Electronics,2025-03-11,1.9,0.8,1.0,0.0,1.9,0.9,0,6.5,0,Live
M101080,Electronics,2025-04-03,1.1,3.7,2.1,0.0,0.5,2.5,0,9.9,0,Live
M101081,Grocery,2025-03-24,0.5,0.9,1.6,0.0,0.3,2.4,0,5.7,0,Live
M101082,Fashion,2025-03-03,1.9,0.4,2.0,0.0,0.8,2.3,0,7.3,0,Live
M101083,Toys,2025-07-01,1.3,1.1,1.1,0.0,0.7,1.2,0,5.4,0,Live
M101084,Fashion,2025-06-20,0.4,1.6,0.9,0.0,2.2,1.5,0,6.5,0,Live
M101085,Toys,2025-03-16,0.7,4.0,0.5,0.0,1.9,3.7,0,10.7,0,Live
M101086,Electronics,2025-10-06,2.7,7.7,1.0,0.0,0.6,2.5,0,14.4,1,Live
M101087,Fashion,2025-08-23,0.4,1.3,2.0,0.0,1.4,2.8,0,7.9,0,Live
M101088,Electronics,2025-03-18,2.9,2.2,0.4,0.0,2.1,3.5,0,11.1,0,Live
M101089,Toys,2025-08-31,1.5,2.0,0.4,0.0,1.8,1.3,0,7.0,0,Live
M101090,Fashion,2025-05-22,1.3,0.8,0.8,0.0,1.8,2.3,0,7.0,0,Live
M101091,Beauty,2025-01-30,1.6,1.5,2.7,0.0,2.1,2.1,0,10.0,0,Live
M101092,Grocery,2025-05-01,1.6,1.6,1.3,0.0,2.4,1.6,0,8.5,0,Live
M101093,Electronics,2025-07-27,0.6,1.2,0.7,0.0,0.2,1.1,0,3.8,0,Live
M101094,Home & Kitchen,2025-01-20,1.0,1.1,0.5,0.0,2.1,1.2,0,5.8,0,Live
M101095,Home & Kitchen,2025-08-15,0.9,2.1,0.8,1.3,1.0,6.3,1,12.4,0,Live
M101096,Toys,2025-01-07,2.2,1.5,1.6,0.0,1.2,0.7,0,7.2,0,Live
M101097,Fashion,2025-08-07,0.9,1.5,1.0,0.0,2.0,1.5,0,6.9,0,Live
M101098,Electronics,2025-05-26,0.3,4.0,1.1,0.0,1.3,0.9,0,7.6,0,Live
M101099,Home & Kitchen,2025-09-20,0.8,2.1,1.3,0.0,1.2,2.1,0,7.6,0,Live
M101100,Fashion,2025-09-05,1.1,1.2,0.6,0.0,2.6,1.8,0,7.2,0,Live
M101101,Fashion,2025-08-14,0.7,0.3,0.1,0.0,2.5,3.0,0,6.6,0,Live
M101102,Beauty,2025-06-06,2.6,3.1,1.1,0.0,0.4,1.7,0,8.8,0,Live
M101103,Home & Kitchen,2025-02-22,1.4,0.8,1.5,0.0,0.9,1.1,0,5.7,0,Live
M101104,Home & Kitchen,2025-09-03,0.9,3.9,0.8,0.0,1.5,1.8,0,9.0,0,Live
M101105,Grocery,2025-04-02,1.6,0.7,1.1,0.0,1.5,5.5,0,10.3,0,Live
M101106,Fashion,2025-07-16,2.1,0.9,1.9,4.3,0.9,1.1,3,11.3,0,Live
M101107,Grocery,2025-08-12,0.8,2.4,0.3,0.0,1.8,2.4,0,7.7,0,Live
M101108,Electronics,2025-08-19,2.0,1.1,2.2,0.0,0.9,1.7,0,7.9,0,Live
M101109,Grocery,2025-09-19,1.0,1.6,0.9,0.0,0.2,2.9,0,6.7,0,Live
M101110,Beauty,2025-05-21,1.0,1.9,0.6,0.0,1.8,1.1,0,6.4,0,Live
M101111,Beauty,2025-03-15,0.6,2.0,2.1,0.0,0.5,3.8,0,9.0,0,Live
M101112,Home & Kitchen,2025-07-31,1.9,0.3,1.3,0.0,1.4,1.7,0,6.6,0,Live
M101113,Beauty,2025-05-27,0.7,1.9,1.5,0.0,2.2,1.6,0,7.9,0,Live
M101114,Electronics,2025-04-10,1.1,2.5,1.4,0.0,0.9,1.7,0,7.5,0,Live
M101115,Beauty,2025-02-09,1.2,0.2,1.8,2.1,3.0,1.3,3,9.6,0,Live
M101116,Fashion,2025-01-16,0.9,1.6,1.1,0.0,1.7,5.0,0,10.2,0,Live
M101117,Home & Kitchen,2025-08-25,2.7,1.3,0.4,0.0,1.0,1.6,0,7.0,0,Live
M101118,Toys,2025-04-03,0.3,1.6,1.1,0.0,3.4,2.4,0,8.8,0,Live
M101119,Toys,2025-09-28,0.8,1.5,2.0,0.0,1.9,1.0,0,7.2,0,Live
M101120,Fashion,2025-01-01,0.5,1.3,0.3,0.0,0.9,2.7,0,5.6,0,Live
M101121,Grocery,2025-01-15,0.5,1.9,0.6,0.0,2.1,6.5,0,11.6,0,Live
M101122,Home & Kitchen,2025-01-31,0.5,1.7,0.6,0.0,2.7,2.8,0,8.3,0,Live
M101123,Electronics,2025-09-30,2.0,0.2,0.9,0.0,2.0,1.5,0,6.6,0,Live
M101124,Electronics,2025-04-21,1.9,2.6,2.0,0.0,1.1,5.2,0,12.8,0,Live
M101125,Electronics,2025-04-06,2.8,3.6,4.8,0.0,0.1,3.5,0,14.8,1,Live
M101126,Electronics,2025-09-07,0.3,3.6,0.5,0.0,1.0,4.1,0,9.4,0,Live
M101127,Toys,2025-04-30,1.7,3.3,0.2,0.0,3.3,2.7,0,11.2,0,Live
M101128,Beauty,2025-05-18,1.3,0.4,1.6,0.0,1.4,2.2,0,7.0,0,Live
M101129,Fashion,2025-05-15,0.7,1.9,1.3,0.0,1.5,1.8,0,7.2,0,Live
M101130,Beauty,2025-09-10,1.3,3.0,0.5,0.0,0.9,1.2,0,6.9,0,Live
M101131,Home & Kitchen,2025-10-24,0.6,1.7,1.0,0.0,1.5,2.1,0,6.9,0,Live
M101132,Toys,2025-09-12,0.6,3.5,1.2,0.0,1.7,2.0,0,9.2,0,Live
M101133,Electronics,2025-04-30,0.8,1.1,0.6,0.0,0.9,5.2,0,8.6,0,Live
M101134,Beauty,2025-01-01,1.4,1.5,1.8,0.0,2.7,3.5,0,10.8,0,Live
M101135,Home & Kitchen,2025-09-22,0.2,1.6,1.2,0.0,1.5,2.8,0,7.3,0,Live
M101136,Fashion,2025-09-04,0.5,2.6,0.1,0.0,1.5,2.0,0,6.7,0,Live
M101137,Fashion,2025-11-25,0.4,1.1,1.5,0.0,1.7,1.4,0,6.1,0,Live
M101138,Grocery,2025-01-25,2.1,0.7,0.4,0.0,1.5,3.8,0,8.5,0,Live
M101139,Fashion,2025-08-17,2.9,1.0,1.0,0.0,1.3,3.2,0,9.4,0,Live
M101140,Fashion,2025-04-17,1.0,0.5,0.6,0.0,2.8,2.9,0,7.7,0,Live
M101141,Electronics,2025-08-11,1.2,3.3,0.7,0.0,0.9,2.9,0,9.1,0,Live
M101142,Electronics,2025-10-02,1.0,1.8,2.0,0.0,0.6,1.8,0,7.2,0,Live
M101143,Home & Kitchen,2025-08-12,1.1,1.7,0.7,0.0,1.0,1.0,0,5.5,0,Live
M101144,Fashion,2025-11-19,0.4,1.0,2.2,0.0,1.1,1.1,0,5.8,0,Live
M101145,Beauty,2025-07-04,0.6,2.8,1.4,0.0,0.3,0.6,0,5.8,0,Live
M101146,Home & Kitchen,2025-07-12,1.0,2.7,1.0,0.0,1.6,1.9,0,8.2,0,Live
M101147,Home & Kitchen,2025-01-07,0.9,2.7,0.2,0.0,2.2,2.7,0,8.7,0,Live
M101148,Toys,2025-08-19,2.7,1.3,1.2,0.3,1.0,2.4,1,8.9,0,Live
M101149,Fashion,2025-05-08,1.4,1.1,2.0,0.0,4.3,2.1,0,10.9,0,Live
M101150,Electronics,2025-07-06,2.3,2.3,1.2,0.0,1.2,3.3,0,10.3,0,Live
M101151,Fashion,2025-04-26,1.3,1.0,0.5,3.3,0.4,1.4,3,8.0,0,Live
M101152,Electronics,2025-08-05,0.6,0.3,0.8,0.0,1.5,1.8,0,5.0,0,Live
M101153,Home & Kitchen,2025-02-28,1.6,2.2,1.6,0.0,0.3,3.2,0,8.9,0,Live
M101154,Beauty,2025-09-12,0.3,0.7,1.1,0.3,3.3,1.6,1,7.4,0,Live
M101155,Fashion,2025-08-21,0.4,1.5,3.3,0.0,0.9,2.6,0,8.7,0,Live
M101156,Beauty,2025-09-10,1.0,0.9,1.3,0.0,3.5,5.9,0,12.7,0,Live
M101157,Beauty,2025-03-01,0.8,0.3,1.3,0.0,1.4,0.8,0,4.6,0,Live
M101158,Electronics,2025-01-30,0.5,0.4,0.4,0.0,0.9,1.5,0,3.7,0,Live
M101159,Grocery,2025-03-04,1.0,1.4,0.8,0.0,1.7,1.2,0,6.0,0,Live
M101160,Electronics,2025-01-30,3.4,2.6,0.9,0.0,1.0,6.2,0,14.1,1,Live
M101161,Toys,2025-01-31,1.1,1.3,0.9,0.0,2.2,2.1,0,7.6,0,Live
M101162,Toys,2025-08-15,0.9,1.1,2.1,0.0,2.3,2.1,0,8.4,0,Live
M101163,Electronics,2025-04-23,1.4,3.7,1.3,5.0,1.6,2.9,3,15.9,1,Live
M101164,Toys,2025-09-07,1.9,1.6,0.5,0.0,0.5,3.6,0,8.0,0,Live
M101165,Beauty,2025-05-22,1.2,0.9,0.8,6.3,1.2,2.2,3,12.5,0,Live
M101166,Home & Kitchen,2025-09-04,0.3,2.3,0.8,0.0,4.2,3.1,0,10.6,0,Live
M101167,Home & Kitchen,2025-11-04,1.5,0.4,1.5,0.0,0.7,0.8,0,5.0,0,Live
M101168,Beauty,2025-03-03,1.0,0.5,2.3,0.0,0.8,1.5,0,6.0,0,Live
M101169,Toys,2025-01-30,0.6,1.7,1.4,0.0,2.1,2.6,0,8.4,0,Live
M101170,Grocery,2025-08-27,2.1,2.1,0.4,0.0,1.2,5.4,0,11.2,0,Live
M101171,Toys,2025-09-04,1.6,1.7,0.7,0.0,0.5,3.0,0,7.6,0,Live
M101172,Electronics,2025-07-27,1.0,1.2,0.6,0.0,1.8,1.5,0,6.1,0,Live
M101173,Fashion,2025-03-18,0.9,0.2,1.2,0.0,1.9,1.0,0,5.2,0,Live
M101174,Fashion,2025-08-24,0.9,1.7,0.9,0.0,1.0,3.9,0,8.4,0,Live
M101175,Electronics,2025-10-03,1.5,1.7,1.2,1.3,2.0,0.6,1,8.3,0,Live
M101176,Fashion,2025-11-20,1.4,2.3,1.2,0.0,0.6,1.8,0,7.3,0,Live
M101177,Home & Kitchen,2025-05-09,0.4,1.1,1.4,5.6,0.9,2.9,3,12.2,0,Live
M101178,Fashion,2025-06-11,0.5,3.3,1.2,0.0,1.3,2.9,0,9.1,0,Live
M101179,Electronics,2025-07-26,1.4,0.2,1.3,0.0,1.0,2.1,0,5.9,0,Live
M101180,Electronics,2025-09-16,0.6,0.1,0.3,0.0,1.5,2.2,0,4.6,0,Live
M101181,Grocery,2025-08-01,1.2,3.6,1.4,0.0,0.5,0.8,0,7.5,0,Live
M101182,Electronics,2025-06-13,1.2,2.4,1.7,1.5,1.6,1.7,1,10.1,0,Live
M101183,Fashion,2025-09-16,1.2,0.9,1.0,0.0,1.2,3.4,0,7.7,0,Live
M101184,Beauty,2025-05-17,0.5,0.7,1.2,0.0,1.8,6.0,0,10.2,0,Live
M101185,Toys,2025-10-13,1.4,2.8,0.4,0.0,0.8,5.5,0,10.8,0,Live
M101186,Beauty,2025-03-20,0.7,1.6,0.9,0.0,0.8,0.9,0,4.9,0,Live
M101187,Fashion,2025-07-03,0.4,1.8,1.4,0.0,0.6,1.7,0,5.9,0,Live
M101188,Grocery,2025-02-13,1.8,1.2,2.4,0.0,1.5,2.5,0,9.4,0,Live
M101189,Fashion,2025-06-25,0.8,2.4,1.6,0.0,2.3,2.5,0,9.6,0,Live
M101190,Grocery,2025-01-05,0.8,2.3,1.1,0.0,2.8,1.3,0,8.3,0,Live
M101191,Grocery,2025-04-30,0.4,1.2,0.2,0.0,1.2,2.8,0,5.8,0,Live
M101192,Beauty,2025-01-10,1.5,2.3,2.0,0.0,0.6,1.7,0,8.1,0,Live
M101193,Fashion,2025-05-18,1.2,1.4,1.0,0.0,1.6,1.3,0,6.5,0,Live
M101194,Electronics,2025-07-15,1.6,2.9,1.8,0.0,1.2,1.7,0,9.1,0,Live
M101195,Fashion,2025-10-24,1.8,1.9,0.3,0.0,1.2,1.2,0,6.4,0,Live
M101196,Beauty,2025-10-23,0.9,2.1,1.6,0.0,1.2,0.8,0,6.5,0,Live
M101197,Fashion,2025-04-03,0.5,1.4,0.9,6.0,1.0,2.2,3,12.0,0,Live
M101198,Electronics,2025-03-18,1.7,1.9,2.0,0.0,4.7,0.9,0,11.1,0,Live
M101199,Beauty,2025-07-21,1.5,1.2,0.5,0.0,1.5,0.7,0,5.4,0,Live
M101200,Grocery,2025-04-26,0.3,0.5,1.5,0.0,3.2,0.9,0,6.5,0,Live
M101201,Electronics,2025-04-26,0.7,1.0,0.9,0.0,0.7,2.9,0,6.2,0,Live
M101202,Fashion,2025-02-28,0.9,0.1,0.9,0.0,2.4,1.8,0,6.0,0,Live
M101203,Grocery,2025-09-27,0.6,3.9,0.8,0.0,0.9,5.7,0,11.9,0,Live
M101204,Electronics,2025-07-25,0.3,4.5,2.0,0.0,0.3,1.9,0,8.9,0,Live
M101205,Electronics,2025-04-27,1.1,1.2,1.5,0.0,1.2,5.6,0,10.5,0,Live
M101206,Fashion,2025-05-05,1.1,2.6,1.9,0.0,1.1,0.9,0,7.7,0,Live
M101207,Electronics,2025-03-08,1.5,1.7,2.6,0.0,1.4,1.2,0,8.4,0,Live
M101208,Toys,2025-06-27,0.9,1.0,0.4,0.0,1.0,1.3,0,4.6,0,Live
M101209,Beauty,2025-05-20,1.1,1.8,0.7,0.0,1.0,3.8,0,8.5,0,Live
M101210,Beauty,2025-11-22,2.6,2.9,1.3,0.0,1.1,2.1,0,9.9,0,Live
M101211,Home & Kitchen,2025-06-28,1.2,0.7,2.1,0.0,0.6,2.6,0,7.2,0,Live
M101212,Fashion,2025-09-02,0.4,1.0,0.3,0.0,1.1,2.8,0,5.5,0,Live
M101213,Fashion,2025-02-28,1.3,2.9,1.8,0.0,0.6,0.4,0,7.0,0,Live
M101214,Toys,2025-10-15,0.6,1.3,1.4,0.0,0.3,4.3,0,7.9,0,Live
M101215,Fashion,2025-01-23,2.5,1.1,0.3,0.0,3.2,1.5,0,8.6,0,Live
M101216,Home & Kitchen,2025-04-11,0.6,1.2,0.7,0.0,0.8,2.3,0,5.5,0,Live
M101217,Electronics,2025-04-11,0.7,1.3,1.0,0.0,1.0,0.9,0,4.9,0,Live
M101218,Beauty,2025-11-21,1.4,1.4,2.0,0.0,1.7,2.6,0,9.1,0,Live
M101219,Fashion,2025-01-23,1.3,0.6,0.6,0.0,2.8,4.9,0,10.1,0,Live
M101220,Fashion,2025-09-07,0.4,2.4,1.3,0.0,0.2,4.9,0,9.2,0,Live
M101221,Home & Kitchen,2025-09-17,2.0,2.0,0.8,0.0,1.9,1.6,0,8.3,0,Live
M101222,Fashion,2025-08-11,1.8,0.6,1.1,1.6,1.3,2.9,2,9.4,0,Live
M101223,Beauty,2025-04-22,0.7,0.6,1.9,0.0,0.9,2.5,0,6.5,0,Live
M101224,Toys,2025-03-05,1.6,1.9,2.8,0.0,0.7,3.4,0,10.6,0,Live
M101225,Fashion,2025-08-12,1.2,0.7,1.5,0.0,1.4,1.2,0,6.1,0,Live
M101226,Fashion,2025-09-13,2.5,5.7,0.7,0.0,0.5,1.9,0,11.4,0,Live
M101227,Fashion,2025-10-14,2.2,0.6,0.3,0.0,1.5,1.5,0,6.1,0,Live
M101228,Electronics,2025-01-12,1.7,3.6,0.7,0.0,0.9,3.4,0,10.2,0,Live
M101229,Fashion,2025-06-29,1.1,1.6,1.2,0.0,0.7,3.6,0,8.3,0,Live
M101230,Home & Kitchen,2025-03-26,2.5,4.0,1.5,0.0,4.0,0.9,0,12.9,0,Live
M101231,Electronics,2025-10-20,1.4,2.5,1.3,0.0,1.5,2.3,0,9.1,0,Live
M101232,Home & Kitchen,2025-07-06,1.3,1.6,0.8,0.0,2.3,3.3,0,9.3,0,Live
M101233,Grocery,2025-06-19,3.2,4.3,1.2,0.0,3.0,0.4,0,12.1,0,Live
M101234,Grocery,2025-09-29,2.2,3.3,1.0,0.0,1.7,1.8,0,10.0,0,Live
M101235,Fashion,2025-01-22,1.4,2.2,1.0,2.0,1.3,0.4,1,8.4,0,Live
M101236,Fashion,2025-01-31,0.9,3.3,0.8,0.0,1.8,2.2,0,9.0,0,Live
M101237,Home & Kitchen,2025-06-17,1.6,1.2,0.6,0.0,1.5,1.3,0,6.3,0,Live
M101238,Electronics,2025-05-20,0.2,0.9,1.5,0.0,2.6,1.2,0,6.4,0,Live
M101239,Fashion,2025-05-06,1.4,0.6,0.7,0.0,1.0,1.7,0,5.5,0,Live
M101240,Beauty,2025-11-03,1.1,1.1,1.4,0.0,0.8,0.7,0,5.1,0,Live
M101241,Beauty,2025-04-28,2.4,2.6,0.4,0.0,1.3,0.7,0,7.5,0,Live
M101242,Electronics,2025-03-08,1.6,4.2,1.4,1.3,1.6,1.0,1,11.0,0,Live
M101243,Fashion,2025-06-04,0.9,2.5,0.5,0.0,1.1,1.2,0,6.1,0,Live
M101244,Beauty,2025-08-05,1.6,2.4,1.4,2.9,1.0,2.0,1,11.4,0,Live
M101245,Fashion,2025-10-13,1.6,0.8,1.0,0.0,0.9,2.9,0,7.3,0,Live
M101246,Fashion,2025-01-18,2.1,1.4,1.1,0.0,1.3,1.2,0,7.1,0,Live
M101247,Home & Kitchen,2025-09-13,1.8,1.5,3.0,0.0,2.7,3.6,0,12.6,0,Live
M101248,Electronics,2025-10-06,0.7,2.6,0.9,0.0,1.6,1.1,0,6.9,0,Live
M101249,Toys,2025-09-09,2.5,0.2,1.3,0.0,1.9,1.3,0,7.3,0,Live
M101250,Fashion,2025-02-15,1.0,2.2,0.5,0.0,3.3,3.1,0,10.0,0,Live
M101251,Fashion,2025-03-02,1.1,1.9,0.8,0.0,1.5,5.7,0,11.0,0,Live
M101252,Electronics,2025-05-19,1.0,2.1,2.6,0.0,1.8,4.3,0,11.7,0,Live
M101253,Grocery,2025-08-31,0.9,1.9,1.3,0.0,0.4,1.2,0,5.7,0,Live
M101254,Beauty,2025-07-21,0.9,2.2,1.6,0.0,1.0,5.3,0,11.0,0,Live
M101255,Fashion,2025-09-07,1.3,2.5,0.9,1.4,1.8,0.6,1,8.5,0,Live
M101256,Fashion,2025-03-08,1.7,0.8,1.5,0.0,3.1,1.0,0,8.2,0,Live
M101257,Toys,2025-03-14,1.0,0.8,1.4,0.0,3.1,3.1,0,9.4,0,Live
M101258,Home & Kitchen,2025-11-23,0.7,1.6,0.6,0.0,1.0,1.8,0,5.6,0,Live
M101259,Electronics,2025-11-09,1.9,1.6,1.3,0.0,1.8,6.0,0,12.5,0,Live
M101260,Fashion,2025-09-01,0.8,1.7,1.2,0.0,0.5,2.9,0,7.1,0,Live
M101261,Fashion,2025-05-08,0.5,0.5,1.7,0.0,2.0,1.1,0,5.7,0,Live
M101262,Fashion,2025-01-27,1.8,1.5,0.5,0.0,3.4,2.4,0,9.6,0,Live
M101263,Grocery,2025-10-11,2.3,1.3,0.4,0.0,1.3,1.5,0,6.9,0,Live
M101264,Toys,2025-09-12,1.4,0.7,0.6,0.0,0.9,2.4,0,5.9,0,Live
M101265,Home & Kitchen,2025-06-11,0.4,0.9,0.4,0.0,1.3,6.5,0,9.5,0,Live
M101266,Beauty,2025-09-25,1.0,0.7,2.4,0.0,1.6,0.3,0,6.0,0,Live
M101267,Fashion,2025-06-04,1.2,1.3,1.4,0.0,2.1,0.8,0,6.8,0,Live
M101268,Fashion,2025-11-18,1.6,3.7,0.7,0.0,0.6,1.3,0,7.9,0,Live
M101269,Home & Kitchen,2025-08-09,0.8,1.2,1.7,0.0,1.6,1.0,0,6.4,0,Live
M101270,Beauty,2025-04-05,0.7,1.5,0.5,1.0,1.2,1.6,1,6.5,0,Live
M101271,Home & Kitchen,2025-09-09,0.3,1.8,2.2,0.0,1.5,1.7,0,7.5,0,Live
M101272,Fashion,2025-09-25,0.8,2.1,1.4,0.0,3.5,1.9,0,9.6,0,Live
M101273,Toys,2025-03-29,1.4,1.3,0.6,0.0,1.4,2.8,0,7.6,0,Live
M101274,Fashion,2025-02-27,0.7,2.4,0.9,0.0,0.6,1.4,0,6.1,0,Live
M101275,Beauty,2025-08-18,3.5,0.6,2.0,0.0,1.1,3.9,0,11.0,0,Live
M101276,Grocery,2025-11-09,1.0,1.1,0.8,2.2,3.2,0.7,1,9.1,0,Live
M101277,Fashion,2025-02-11,0.7,0.2,1.9,0.0,3.5,2.1,0,8.4,0,Live
M101278,Electronics,2025-08-30,0.5,2.4,2.2,0.0,1.4,5.0,0,11.6,0,Live
M101279,Home & Kitchen,2025-03-16,1.3,1.6,0.7,0.0,1.1,3.1,0,7.8,0,Live
M101280,Toys,2025-04-07,1.1,1.3,1.0,0.0,0.5,1.2,0,5.1,0,Live
M101281,Beauty,2025-05-03,1.9,1.2,0.2,0.0,1.4,1.4,0,6.0,0,Live
M101282,Electronics,2025-07-13,0.5,2.1,1.1,0.0,0.9,0.6,0,5.2,0,Live
M101283,Beauty,2025-01-04,1.8,0.8,0.8,0.6,1.2,4.3,1,9.5,0,Live
M101284,Home & Kitchen,2025-06-24,1.2,1.3,0.2,0.0,1.3,1.5,0,5.5,0,Live
M101285,Fashion,2025-10-03,2.0,1.6,0.3,0.0,2.0,2.1,0,8.1,0,Live
M101286,Fashion,2025-09-22,0.6,0.3,1.3,0.0,1.0,2.5,0,5.7,0,Live
M101287,Home & Kitchen,2025-06-14,0.6,1.8,1.1,0.0,0.6,1.9,0,5.9,0,Live
M101288,Home & Kitchen,2025-08-31,1.3,1.9,1.2,0.0,0.8,2.3,0,7.5,0,Live
M101289,Electronics,2025-03-03,0.5,1.7,3.3,0.0,2.0,1.1,0,8.5,0,Live
M101290,Fashion,2025-04-11,0.9,4.4,0.6,0.0,1.0,1.5,0,8.4,0,Live
M101291,Fashion,2025-07-25,1.9,1.9,2.3,0.0,2.0,2.8,0,11.0,0,Live
M101292,Beauty,2025-08-17,0.3,2.3,1.4,0.0,0.7,3.6,0,8.3,0,Live
M101293,Fashion,2025-04-03,1.3,0.5,0.3,0.0,1.8,2.2,0,6.2,0,Live
M101294,Beauty,2025-10-11,0.7,3.7,1.5,0.0,2.2,1.8,0,9.9,0,Live
M101295,Toys,2025-02-26,0.6,3.8,2.2,1.4,1.4,1.7,1,11.1,0,Live
M101296,Grocery,2025-01-10,1.4,1.1,0.8,0.0,1.5,4.1,0,8.9,0,Live
M101297,Home & Kitchen,2025-04-28,1.3,1.7,1.3,0.0,0.2,2.5,0,7.0,0,Live
M101298,Fashion,2025-07-28,0.7,1.2,0.1,0.0,1.1,5.4,0,8.4,0,Live
M101299,Beauty,2025-03-18,0.9,3.8,2.7,0.0,5.4,1.4,0,14.2,1,Live
M101300,Toys,2025-10-24,0.7,0.5,0.7,0.0,1.6,1.3,0,4.8,0,Live
M101301,Electronics,2025-03-19,0.4,1.6,2.7,0.0,1.2,3.0,0,8.9,0,Live
M101302,Grocery,2025-11-03,1.2,2.2,1.1,0.0,2.4,1.6,0,8.5,0,Live
M101303,Home & Kitchen,2025-11-01,2.2,0.4,1.8,0.0,3.7,2.5,0,10.6,0,Live
M101304,Beauty,2025-01-01,1.1,3.1,1.3,0.0,0.7,2.2,0,8.3,0,Live
M101305,Beauty,2025-01-23,1.3,2.3,0.7,0.0,0.8,1.9,0,7.1,0,Live
M101306,Electronics,2025-02-17,0.8,4.3,3.0,0.0,0.7,1.5,0,10.3,0,Live
M101307,Electronics,2025-06-20,1.1,1.0,0.6,0.0,2.1,3.9,0,8.8,0,Live
M101308,Fashion,2025-06-09,1.1,2.3,0.9,0.0,1.3,0.5,0,6.1,0,Live
M101309,Fashion,2025-06-28,2.5,0.8,0.8,0.0,2.6,3.4,0,10.1,0,Live
M101310,Electronics,2025-08-27,2.8,0.5,3.0,0.0,2.4,0.7,0,9.4,0,Live
M101311,Beauty,2025-06-22,1.1,1.6,1.5,2.0,1.1,2.0,1,9.3,0,Live
M101312,Electronics,2025-03-02,2.1,0.7,0.4,0.0,0.9,4.0,0,8.1,0,Live
M101313,Grocery,2025-11-16,2.7,1.1,0.7,0.0,2.9,1.8,0,9.1,0,Live
M101314,Home & Kitchen,2025-03-02,2.1,3.8,0.6,0.0,0.8,1.7,0,9.1,0,Live
M101315,Grocery,2025-01-09,0.9,1.1,1.9,0.0,0.9,2.2,0,7.1,0,Live
M101316,Beauty,2025-02-05,0.9,4.8,0.7,0.0,0.5,1.9,0,8.8,0,Live
M101317,Electronics,2025-09-19,0.8,2.0,1.4,0.0,2.3,3.5,0,9.9,0,Live
M101318,Fashion,2025-06-26,0.9,1.2,1.0,0.0,1.3,1.3,0,5.7,0,Live
M101319,Electronics,2025-01-21,2.2,1.3,1.3,0.0,0.7,2.7,0,8.2,0,Live
M101320,Home & Kitchen,2025-10-15,2.4,0.9,0.2,0.0,2.2,1.9,0,7.7,0,Live
M101321,Fashion,2025-01-28,1.5,0.9,0.8,0.0,1.3,5.2,0,9.8,0,Live
M101322,Fashion,2025-10-05,1.4,2.8,1.0,0.0,2.7,4.2,0,12.1,0,Live
M101323,Toys,2025-05-17,0.8,1.9,0.8,7.6,1.6,0.7,3,13.4,0,Live
M101324,Grocery,2025-03-04,2.4,1.0,1.5,0.0,1.4,2.6,0,9.0,0,Live
M101325,Electronics,2025-06-28,3.5,5.2,1.7,0.0,3.7,0.5,0,14.6,1,Live
M101326,Fashion,2025-10-22,1.7,2.6,1.7,0.0,0.8,5.1,0,12.0,0,Live
M101327,Fashion,2025-06-30,1.1,1.4,0.7,0.0,0.9,3.2,0,7.3,0,Live
M101328,Home & Kitchen,2025-07-26,1.0,2.2,0.7,0.0,1.7,0.7,0,6.3,0,Live
M101329,Toys,2025-04-10,0.8,0.9,1.3,2.8,2.7,2.3,1,10.7,0,Live
M101330,Fashion,2025-03-31,5.1,1.4,0.7,0.0,2.5,2.8,0,12.6,0,Live
M101331,Beauty,2025-11-20,0.3,2.2,1.9,0.0,1.8,1.9,0,8.1,0,Live
M101332,Toys,2025-08-23,1.9,1.5,1.3,0.0,1.2,2.2,0,8.1,0,Live
M101333,Toys,2025-10-09,0.8,1.0,1.1,6.5,1.8,5.6,2,16.9,1,Live
M101334,Home & Kitchen,2025-06-15,1.1,0.5,0.9,0.0,1.8,3.7,0,8.0,0,Live
M101335,Beauty,2025-07-10,1.5,2.8,4.2,0.0,1.4,2.8,0,12.7,0,Live
M101336,Beauty,2025-02-12,1.1,1.1,1.3,0.0,1.5,4.6,0,9.5,0,Live
M101337,Fashion,2025-11-10,0.2,3.1,0.6,0.0,3.0,5.1,0,12.1,0,Live
M101338,Fashion,2025-05-28,0.3,2.3,0.4,0.0,2.6,3.6,0,9.2,0,Live
M101339,Toys,2025-04-06,0.2,1.4,1.7,0.0,2.0,1.3,0,6.6,0,Live
M101340,Fashion,2025-06-08,0.7,1.8,0.8,0.0,1.1,2.1,0,6.5,0,Live
M101341,Fashion,2025-10-21,0.6,3.0,1.8,0.0,0.9,2.9,0,9.3,0,Live
M101342,Home & Kitchen,2025-09-15,1.9,1.0,0.8,0.0,3.8,3.2,0,10.6,0,Live
M101343,Grocery,2025-05-20,0.3,2.5,2.4,0.0,1.0,2.2,0,8.3,0,Live
M101344,Electronics,2025-06-15,0.4,2.5,1.2,0.0,1.3,2.9,0,8.4,0,Live
M101345,Home & Kitchen,2025-01-04,2.3,1.7,0.9,0.0,1.6,4.8,0,11.3,0,Live
M101346,Toys,2025-02-21,0.3,1.5,0.3,0.0,2.8,1.8,0,6.7,0,Live
M101347,Grocery,2025-11-02,1.9,1.7,2.3,0.0,1.1,1.0,0,8.1,0,Live
M101348,Fashion,2025-11-24,1.7,0.2,0.5,0.0,2.7,1.7,0,6.7,0,Live
M101349,Home & Kitchen,2025-03-19,0.7,3.2,0.2,0.0,1.2,1.4,0,6.7,0,Live
M101350,Fashion,2025-07-14,1.1,1.1,1.0,0.0,0.6,1.1,0,4.8,0,Live
M101351,Toys,2025-02-08,0.4,1.4,0.7,0.0,4.8,3.6,0,11.0,0,Live
M101352,Beauty,2025-08-01,0.6,1.1,0.6,0.0,3.7,3.7,0,9.8,0,Live
M101353,Grocery,2025-03-10,0.4,2.6,1.4,0.0,1.7,3.8,0,9.9,0,Live
M101354,Electronics,2025-02-20,1.9,1.0,1.4,0.0,1.8,2.2,0,8.3,0,Live
M101355,Fashion,2025-08-28,0.4,2.0,1.4,0.0,3.4,2.6,0,9.8,0,Live
M101356,Fashion,2025-10-28,1.2,2.3,2.0,0.0,1.9,2.2,0,9.6,0,Live
M101357,Fashion,2025-08-25,0.8,4.8,0.5,0.0,1.4,1.1,0,8.6,0,Live
M101358,Beauty,2025-08-21,0.5,2.2,1.7,0.0,2.1,3.2,0,9.8,0,Live
M101359,Grocery,2025-10-12,0.5,2.1,1.9,0.0,4.0,3.0,0,11.4,0,Live
M101360,Electronics,2025-06-04,1.0,0.5,3.7,0.0,1.3,1.7,0,8.1,0,Live
M101361,Grocery,2025-03-18,0.6,2.1,0.5,0.0,1.2,0.9,0,5.2,0,Live
M101362,Fashion,2025-09-27,1.2,0.3,0.5,0.0,0.8,1.9,0,4.7,0,Live
M101363,Electronics,2025-03-11,4.0,1.3,3.3,0.0,1.4,1.4,0,11.3,0,Live
M101364,Electronics,2025-03-22,1.5,1.0,3.4,4.2,2.0,2.5,2,14.6,1,Live
M101365,Electronics,2025-11-06,0.7,1.7,1.6,0.0,2.2,2.5,0,8.6,0,Live
M101366,Fashion,2025-04-07,1.0,1.1,0.3,0.0,1.8,3.3,0,7.6,0,Live
M101367,Fashion,2025-03-20,1.8,0.7,0.7,0.0,2.0,1.5,0,6.8,0,Live
M101368,Fashion,2025-03-28,1.2,0.3,2.0,0.0,1.5,1.2,0,6.2,0,Live
M101369,Home & Kitchen,2025-02-02,1.8,1.7,1.3,0.0,0.6,1.8,0,7.3,0,Live
M101370,Electronics,2025-03-03,1.2,1.4,1.7,0.0,0.5,1.8,0,6.7,0,Live
M101371,Toys,2025-09-19,0.8,1.0,1.0,0.0,1.2,1.5,0,5.5,0,Live
M101372,Home & Kitchen,2025-01-17,1.0,0.8,1.1,0.0,1.2,4.3,0,8.4,0,Live
M101373,Fashion,2025-03-02,2.3,0.4,0.4,0.0,0.5,3.5,0,7.2,0,Live
M101374,Fashion,2025-05-22,0.9,1.0,1.4,0.0,1.1,1.2,0,5.5,0,Live
M101375,Beauty,2025-07-27,1.4,2.1,2.3,0.0,0.2,2.0,0,8.1,0,Live
M101376,Grocery,2025-11-20,2.6,2.4,0.5,0.0,1.2,1.8,0,8.4,0,Live
M101377,Fashion,2025-04-04,2.5,1.6,0.8,0.0,2.2,1.5,0,8.7,0,Live
M101378,Home & Kitchen,2025-01-11,1.9,0.1,0.6,0.0,1.9,1.2,0,5.8,0,Live
M101379,Toys,2025-08-11,0.6,2.2,1.3,0.0,1.2,2.2,0,7.5,0,Live
M101380,Grocery,2025-10-06,0.6,3.5,1.6,0.0,1.2,0.7,0,7.7,0,Live
M101381,Fashion,2025-05-11,2.4,0.7,1.3,0.0,0.2,2.8,0,7.3,0,Live
M101382,Electronics,2025-05-13,2.3,2.9,3.6,0.0,1.6,2.2,0,12.7,0,Live
M101383,Grocery,2025-09-29,1.1,2.2,0.6,0.0,1.8,1.2,0,6.9,0,Live
M101384,Home & Kitchen,2025-06-15,2.9,0.6,0.9,0.0,1.9,1.6,0,7.8,0,Live
M101385,Fashion,2025-03-23,1.3,2.7,1.2,0.0,1.5,1.5,0,8.3,0,Live
M101386,Electronics,2025-08-10,1.3,2.0,1.5,0.0,2.2,0.6,0,7.7,0,Live
M101387,Electronics,2025-01-09,0.4,2.8,0.8,0.0,1.0,2.2,0,7.2,0,Live
M101388,Electronics,2025-03-08,1.8,2.8,1.7,0.0,0.4,1.9,0,8.6,0,Live
M101389,Toys,2025-04-26,0.7,0.4,0.8,0.0,1.8,3.0,0,6.8,0,Live
M101390,Beauty,2025-07-17,1.9,3.7,3.6,0.0,2.0,2.5,0,13.7,0,Live
M101391,Toys,2025-01-17,0.2,1.3,1.4,0.0,1.2,1.0,0,5.2,0,Live
M101392,Beauty,2025-06-28,2.6,3.8,2.2,0.0,0.5,1.0,0,10.0,0,Live
M101393,Toys,2025-03-15,0.8,2.1,0.9,0.0,3.0,2.3,0,9.2,0,Live
M101394,Electronics,2025-05-03,1.3,0.3,1.5,0.0,0.6,2.4,0,6.2,0,Live
M101395,Toys,2025-03-18,1.4,2.3,1.8,0.0,2.5,1.3,0,9.3,0,Live
M101396,Home & Kitchen,2025-07-08,1.4,0.8,3.4,0.0,1.9,0.6,0,8.2,0,Live
M101397,Beauty,2025-03-20,1.2,1.2,1.8,0.0,0.8,2.8,0,7.9,0,Live
M101398,Fashion,2025-01-03,0.7,0.6,0.6,0.0,1.0,4.2,0,7.3,0,Live
M101399,Grocery,2025-03-06,0.5,0.8,3.3,0.0,1.9,2.5,0,9.1,0,Live
M101400,Electronics,2025-06-15,1.0,1.2,2.6,0.0,3.0,4.1,0,11.9,0,Live
M101401,Toys,2025-04-14,1.2,0.7,0.2,0.0,2.5,2.3,0,6.9,0,Live
M101402,Electronics,2025-06-21,0.6,1.4,1.1,0.0,0.5,0.4,0,4.1,0,Live
M101403,Electronics,2025-08-12,0.8,2.9,0.8,0.5,2.0,1.6,2,8.7,0,Live
M101404,Home & Kitchen,2025-07-25,1.4,1.0,1.0,0.0,0.5,0.4,0,4.3,0,Live
M101405,Grocery,2025-01-23,0.8,2.6,0.9,0.0,0.4,1.7,0,6.4,0,Live
M101406,Beauty,2025-11-03,0.7,2.6,1.1,0.0,4.7,3.2,0,12.3,0,Live
M101407,Fashion,2025-09-26,1.2,1.0,1.0,0.0,1.8,0.9,0,5.9,0,Live
M101408,Electronics,2025-05-12,1.4,2.1,1.5,0.0,1.6,2.4,0,9.0,0,Live
M101409,Grocery,2025-02-12,1.1,1.7,1.4,0.0,1.6,6.4,0,12.1,0,Live
M101410,Grocery,2025-02-19,2.5,1.8,2.0,0.0,0.3,5.5,0,12.2,0,Live
M101411,Beauty,2025-09-14,0.9,3.1,1.1,0.0,0.8,1.8,0,7.7,0,Live
M101412,Electronics,2025-01-22,0.6,1.9,1.1,0.0,1.6,2.1,0,7.3,0,Live
M101413,Toys,2025-08-23,2.0,3.6,1.0,0.0,2.2,5.0,0,13.8,0,Live
M101414,Electronics,2025-03-18,1.2,1.8,1.6,5.7,0.9,3.1,2,14.4,1,Live
M101415,Beauty,2025-06-14,3.2,0.8,0.7,0.0,0.8,0.5,0,6.0,0,Live
M101416,Beauty,2025-02-08,0.8,3.2,1.9,0.0,2.1,3.6,0,11.6,0,Live
M101417,Beauty,2025-05-26,1.2,1.6,2.1,0.0,1.6,1.9,0,8.3,0,Live
M101418,Fashion,2025-10-30,1.1,2.4,0.3,0.0,0.9,0.6,0,5.3,0,Live
M101419,Fashion,2025-01-21,2.1,1.6,1.1,0.0,0.5,4.1,0,9.5,0,Live
M101420,Beauty,2025-04-26,1.5,3.5,2.2,0.0,1.7,3.1,0,12.0,0,Live
M101421,Home & Kitchen,2025-11-07,1.9,1.2,0.6,0.0,0.6,1.1,0,5.4,0,Live
M101422,Grocery,2025-07-03,0.7,1.4,1.1,0.0,3.7,3.4,0,10.2,0,Live
M101423,Beauty,2025-07-30,0.7,0.8,1.4,0.0,0.3,3.4,0,6.7,0,Live
M101424,Beauty,2025-02-10,0.6,4.4,2.8,0.0,2.5,5.3,0,15.6,1,Live
M101425,Grocery,2025-03-19,1.6,1.0,0.7,0.0,2.4,1.2,0,6.9,0,Live
M101426,Toys,2025-02-23,0.9,1.1,0.9,0.0,1.4,2.9,0,7.2,0,Live
M101427,Electronics,2025-02-25,0.8,1.3,1.8,0.0,2.2,1.4,0,7.4,0,Live
M101428,Grocery,2025-05-20,2.4,1.9,0.3,0.0,2.3,1.2,0,8.0,0,Live
M101429,Toys,2025-11-03,0.9,1.2,1.8,0.0,0.7,2.3,0,6.9,0,Live
M101430,Fashion,2025-09-09,3.4,0.5,0.6,0.0,1.6,2.3,0,8.3,0,Live
M101431,Electronics,2025-07-21,2.3,1.5,0.5,2.4,2.3,3.9,2,12.8,0,Live
M101432,Home & Kitchen,2025-08-14,0.6,0.2,1.7,0.0,1.1,3.3,0,6.9,0,Live
M101433,Home & Kitchen,2025-09-29,1.4,1.0,0.7,0.0,1.5,1.3,0,5.9,0,Live
M101434,Grocery,2025-03-24,2.9,1.3,1.1,0.0,1.2,1.0,0,7.5,0,Live
M101435,Fashion,2025-09-17,0.8,1.6,0.8,0.0,2.0,0.6,0,5.9,0,Live
M101436,Fashion,2025-05-29,0.7,3.1,0.6,0.0,1.9,2.4,0,8.6,0,Live
M101437,Beauty,2025-01-13,1.1,1.5,1.8,0.0,0.4,4.6,0,9.4,0,Live
M101438,Fashion,2025-10-19,1.1,3.1,0.6,0.0,1.8,1.7,0,8.2,0,Live
M101439,Electronics,2025-10-17,1.0,0.6,1.1,0.0,2.2,1.5,0,6.4,0,Live
M101440,Fashion,2025-08-29,0.7,3.0,1.0,0.0,0.5,3.1,0,8.3,0,Live
M101441,Toys,2025-08-08,0.7,1.0,2.3,0.0,3.3,2.7,0,10.0,0,Live
M101442,Electronics,2025-11-10,1.3,1.2,0.6,0.0,1.2,2.3,0,6.7,0,Live
M101443,Fashion,2025-06-10,1.0,0.9,0.9,0.0,0.7,1.0,0,4.6,0,Live
M101444,Grocery,2025-10-16,2.3,0.4,1.3,0.0,1.1,1.8,0,6.9,0,Live
M101445,Home & Kitchen,2025-06-20,1.2,1.7,1.5,1.3,1.9,2.6,1,10.1,0,Live
M101446,Fashion,2025-01-09,0.5,1.0,1.0,0.0,0.6,1.1,0,4.2,0,Live
M101447,Fashion,2025-06-19,1.3,1.5,1.3,0.0,0.9,1.5,0,6.4,0,Live
M101448,Fashion,2025-09-02,1.4,2.6,1.8,0.0,2.0,1.7,0,9.6,0,Live
M101449,Grocery,2025-10-13,4.4,3.7,1.9,0.0,0.5,3.6,0,14.2,1,Live
M101450,Fashion,2025-10-03,2.2,2.1,2.1,0.0,2.8,2.3,0,11.4,0,Live
M101451,Fashion,2025-04-02,0.7,1.8,0.4,0.0,2.7,0.7,0,6.4,0,Live
M101452,Home & Kitchen,2025-03-29,0.9,1.6,1.4,0.0,0.9,3.8,0,8.6,0,Live
M101453,Fashion,2025-01-24,1.4,0.8,0.8,0.0,3.8,2.5,0,9.3,0,Live
M101454,Beauty,2025-01-29,0.4,1.1,1.2,0.0,1.4,1.1,0,5.2,0,Live
M101455,Home & Kitchen,2025-02-28,1.4,0.3,0.6,0.0,1.1,1.2,0,4.6,0,Live
M101456,Home & Kitchen,2025-03-31,0.6,1.2,0.5,0.0,3.7,4.4,0,10.4,0,Live
M101457,Electronics,2025-08-22,1.2,1.2,1.2,0.0,2.0,2.1,0,7.7,0,Live
M101458,Electronics,2025-06-27,1.1,1.1,0.8,0.0,2.5,3.6,0,9.1,0,Live
M101459,Beauty,2025-05-11,1.3,2.8,1.0,0.0,2.6,1.7,0,9.4,0,Live
M101460,Toys,2025-06-13,1.7,0.2,1.1,0.0,3.5,0.5,0,7.0,0,Live
M101461,Home & Kitchen,2025-05-13,0.6,0.7,2.8,0.0,1.4,3.9,0,9.3,0,Live
M101462,Grocery,2025-09-07,0.1,0.6,3.5,13.2,3.1,2.2,3,22.6,1,Live
M101463,Fashion,2025-11-04,2.7,0.3,1.0,0.0,2.4,0.8,0,7.2,0,Live
M101464,Beauty,2025-06-12,0.8,2.0,1.1,0.0,1.3,1.4,0,6.6,0,Live
M101465,Fashion,2025-06-20,1.1,1.7,0.7,0.0,1.4,1.2,0,6.0,0,Live
M101466,Fashion,2025-11-01,0.5,1.7,1.1,0.0,1.4,2.0,0,6.8,0,Live
M101467,Fashion,2025-01-24,0.9,0.1,2.1,1.2,2.1,2.0,3,8.3,0,Live
M101468,Toys,2025-07-14,0.9,1.9,1.3,0.0,0.5,4.5,0,9.2,0,Live
M101469,Fashion,2025-04-28,1.6,1.3,0.6,0.0,1.0,2.0,0,6.5,0,Live
M101470,Fashion,2025-05-13,0.9,4.0,4.7,0.0,1.0,3.4,0,14.1,1,Live
M101471,Electronics,2025-05-27,0.9,2.5,0.9,0.0,1.6,1.8,0,7.8,0,Live
M101472,Electronics,2025-07-26,0.9,1.8,0.7,0.0,1.7,2.9,0,8.0,0,Live
M101473,Beauty,2025-11-20,1.0,1.2,0.4,0.0,1.8,1.9,0,6.3,0,Live
M101474,Fashion,2025-01-26,2.3,0.9,1.0,0.0,2.5,4.7,0,11.4,0,Live
M101475,Fashion,2025-02-11,0.9,0.9,0.6,0.0,1.3,4.6,0,8.3,0,Live
M101476,Fashion,2025-03-23,1.6,1.7,0.6,1.6,2.9,1.2,3,9.6,0,Live
M101477,Grocery,2025-08-26,0.6,0.3,1.3,4.0,1.0,1.5,2,8.8,0,Live
M101478,Grocery,2025-01-15,0.5,1.4,1.1,0.0,2.0,2.0,0,7.0,0,Live
M101479,Grocery,2025-09-13,3.6,0.3,1.4,3.4,0.7,1.4,3,10.9,0,Live
M101480,Home & Kitchen,2025-11-07,2.9,3.9,1.6,0.0,2.2,5.0,0,15.6,1,Live
M101481,Fashion,2025-02-14,0.6,0.8,3.4,0.0,2.8,0.7,0,8.3,0,Live
M101482,Home & Kitchen,2025-05-15,1.6,2.2,3.5,1.2,0.6,3.2,1,12.4,0,Live
M101483,Fashion,2025-11-11,1.0,0.9,0.6,0.0,1.0,0.8,0,4.3,0,Live
M101484,Fashion,2025-06-27,0.9,1.1,0.9,1.7,1.9,3.3,1,9.8,0,Live
M101485,Electronics,2025-04-01,0.9,0.3,1.4,0.0,2.1,2.5,0,7.3,0,Live
M101486,Beauty,2025-06-25,0.6,2.0,1.8,2.0,1.6,1.6,3,9.6,0,Live
M101487,Home & Kitchen,2025-01-24,1.7,2.2,0.6,0.0,0.3,3.7,0,8.5,0,Live
M101488,Beauty,2025-02-13,1.4,0.8,0.5,0.0,1.5,3.1,0,7.4,0,Live
M101489,Home & Kitchen,2025-11-05,0.5,0.7,1.2,0.0,0.9,0.6,0,3.9,0,Live
M101490,Home & Kitchen,2025-01-02,0.7,1.0,0.4,2.7,1.4,2.2,3,8.5,0,Live
M101491,Home & Kitchen,2025-11-17,2.4,1.2,0.7,0.0,0.7,2.9,0,7.9,0,Live
M101492,Beauty,2025-03-04,1.3,1.1,1.0,0.0,2.0,4.5,0,9.9,0,Live
M101493,Beauty,2025-06-19,0.8,0.8,0.5,0.0,1.9,3.1,0,7.0,0,Live
M101494,Home & Kitchen,2025-05-03,0.9,1.1,1.7,0.0,0.5,2.0,0,6.3,0,Live
M101495,Electronics,2025-03-19,1.2,0.6,2.4,0.0,1.2,0.7,0,6.2,0,Live
M101496,Fashion,2025-08-17,0.6,0.6,1.4,0.0,1.0,2.9,0,6.5,0,Live
M101497,Beauty,2025-01-16,1.8,1.8,2.8,0.0,2.0,2.8,0,11.2,0,Live
M101498,Home & Kitchen,2025-09-04,0.8,4.1,0.7,0.0,1.2,1.0,0,7.7,0,Live
M101499,Beauty,2025-11-07,0.9,2.2,1.8,0.0,3.1,1.4,0,9.3,0,Live
